source_record_id,product_id,sku,product_name,brand,unit_price,currency_code,is_active,created_at,updated_at
SRC_PRODUCT_B001_000000001,P000001,RV-000001,Pro Shirt 0001,Lumina,227.86,GBP,Y,2024-01-02 11:21:20.0000000,2025-07-16 16:56:12.0000000
SRC_PRODUCT_B001_000000002,P000002,RV-000002,Pro Lamp 0002,Axiom,446.36,GBP,Y,2024-01-02 01:44:38.0000000,2025-06-16 18:15:29.0000000
SRC_PRODUCT_B001_000000003,P000003,RV-000003,Pro Camera 0003,Orbis,370.21,GBP,Y,2024-01-02 02:39:37.0000000,2024-11-08 07:16:59.0000000
SRC_PRODUCT_B001_000000004,P000004,RV-000004,Essential Kettle 0004,Axiom,225.29,GBP,Y,2024-01-01 01:01:22.0000000,2024-07-20 19:10:31.0000000
SRC_PRODUCT_B001_000000005,P000005,RV-000005,Ultra Kettle 0005,Kestrel,446.81,GBP,Y,2024-01-01 11:21:19.0000000,2024-07-01 05:01:02.0000000
SRC_PRODUCT_B001_000000006,P000006,RV-000006,Compact Watch 0006,Kestrel,782.16,GBP,Y,2024-01-02 15:26:04.0000000,2025-07-20 16:19:17.0000000
SRC_PRODUCT_B001_000000007,P000007,RV-000007,Pro Headphones 0007,Orbis,164.82,GBP,Y,2024-01-01 13:13:52.0000000,2026-01-02 21:42:52.0000000
SRC_PRODUCT_B001_000000008,P000008,RV-000008,Pro Camera 0008,Cinder,168.63,GBP,Y,2024-01-01 03:32:09.0000000,2026-03-29 21:14:12.0000000
SRC_PRODUCT_B001_000000009,P000009,RV-000009,Classic Mixer 0009,Meridian,732.21,GBP,Y,2024-01-01 00:42:21.0000000,2026-01-03 13:03:47.0000000
SRC_PRODUCT_B001_000000010,P000010,RV-000010,Smart Bottle 0010,Lumina,951.01,GBP,Y,2024-01-01 12:36:50.0000000,2026-06-10 18:22:04.0000000
SRC_PRODUCT_B001_000000011,P000011,RV-000011,Eco Keyboard 0011,Lumina,583.37,GBP,N,2023-04-06 12:31:23.0000000,2023-06-12 12:31:23.0000000
SRC_PRODUCT_B001_000000012,P000012,RV-000012,Classic Mixer 0012,Orbis,41.85,GBP,Y,2024-01-01 18:45:13.0000000,2025-03-01 20:15:08.0000000
SRC_PRODUCT_B001_000000013,P000013,RV-000013,Eco Blanket 0013,Axiom,982.85,GBP,Y,2024-01-01 08:33:21.0000000,2026-01-24 13:53:26.0000000
SRC_PRODUCT_B001_000000014,P000014,RV-000014,Smart Serum 0014,Velora,832.99,GBP,Y,2024-01-01 15:47:52.0000000,2025-11-24 06:55:03.0000000
SRC_PRODUCT_B001_000000015,P000015,RV-000015,Modern Blanket 0015,Kestrel,756.83,GBP,Y,2024-01-01 20:49:16.0000000,2026-07-13 21:47:27.0000000
SRC_PRODUCT_B001_000000016,P000016,RV-000016,Premium Mixer 0016,Velora,403.08,GBP,Y,2024-01-01 07:00:52.0000000,2024-06-12 13:10:16.0000000
SRC_PRODUCT_B001_000000017,P000017,RV-000017,Ultra Trainer 0017,Kestrel,493.67,GBP,Y,2023-02-23 01:07:47.0000000,2023-03-28 01:07:47.0000000
SRC_PRODUCT_B001_000000018,P000018,RV-000018,Everyday Jacket 0018,Velora,385.99,GBP,Y,2024-01-01 00:02:32.0000000,2026-08-24 10:48:30.0000000
SRC_PRODUCT_B001_000000019,P000019,RV-000019,Pro Shirt 0019,Orbis,103.18,GBP,Y,2024-01-01 07:07:28.0000000,2026-02-11 01:36:22.0000000
SRC_PRODUCT_B001_000000020,P000020,RV-000020,Premium Mixer 0020,Cinder,311.31,GBP,Y,2024-01-01 03:50:17.0000000,2025-12-06 15:52:39.0000000
SRC_PRODUCT_B001_000000021,P000021,RV-000021,Smart Backpack 0021,Northstar,190.82,GBP,Y,2024-01-01 08:38:44.0000000,2025-04-09 11:04:01.0000000
SRC_PRODUCT_B001_000000022,P000022,RV-000022,Essential Shirt 0022,Axiom,965.79,GBP,Y,2024-01-01 03:32:47.0000000,2025-02-07 04:10:00.0000000
SRC_PRODUCT_B001_000000023,P000023,RV-000023,Eco Bottle 0023,Kestrel,154.66,GBP,Y,2024-01-01 20:58:00.0000000,2024-06-26 06:00:06.0000000
SRC_PRODUCT_B001_000000024,P000024,RV-000024,Everyday Trainer 0024,Velora,870.31,GBP,Y,2024-01-01 10:58:35.0000000,2025-09-27 22:58:55.0000000
SRC_PRODUCT_B001_000000025,P000025,RV-000025,Ultra Serum 0025,Kestrel,803.77,GBP,Y,2024-01-01 09:04:04.0000000,2025-10-14 17:38:56.0000000
SRC_PRODUCT_B001_000000026,P000026,RV-000026,Eco Lamp 0026,Northstar,970.54,GBP,Y,2023-08-01 00:02:45.0000000,2023-10-10 00:02:45.0000000
SRC_PRODUCT_B001_000000027,P000027,RV-000027,Pro Mixer 0027,Velora,663.48,GBP,Y,2023-07-30 04:13:23.0000000,2023-09-24 04:13:23.0000000
SRC_PRODUCT_B001_000000028,P000028,RV-000028,Smart Jacket 0028,Velora,448.63,GBP,Y,2024-01-01 05:20:53.0000000,2025-07-19 20:27:20.0000000
SRC_PRODUCT_B001_000000029,P000029,RV-000029,Ultra Blanket 0029,Cinder,968.28,GBP,Y,2024-01-02 16:04:37.0000000,2024-05-19 10:40:53.0000000
SRC_PRODUCT_B001_000000030,P000030,RV-000030,Ultra Watch 0030,Velora,735.45,GBP,Y,2023-12-04 06:10:36.0000000,2024-01-01 06:10:36.0000000
SRC_PRODUCT_B001_000000031,P000031,RV-000031,Smart Trainer 0031,Axiom,696.82,GBP,Y,2023-12-08 21:05:31.0000000,2023-12-09 21:05:31.0000000
SRC_PRODUCT_B001_000000032,P000032,RV-000032,Essential Trainer 0032,Axiom,636.65,GBP,Y,2024-01-01 08:16:48.0000000,2025-05-26 05:45:26.0000000
SRC_PRODUCT_B001_000000033,P000033,RV-000033,Ultra Blanket 0033,Meridian,793.69,GBP,Y,2024-01-01 20:20:51.0000000,2024-12-26 22:44:27.0000000
SRC_PRODUCT_B001_000000034,P000034,RV-000034,Classic Mixer 0034,Axiom,813.30,GBP,Y,2024-01-01 00:53:49.0000000,2024-08-02 07:24:44.0000000
SRC_PRODUCT_B001_000000035,P000035,RV-000035,Compact Speaker 0035,Northstar,842.45,GBP,Y,2023-02-14 18:32:03.0000000,2023-02-19 18:32:03.0000000
SRC_PRODUCT_B001_000000036,P000036,RV-000036,Eco Backpack 0036,Northstar,822.38,GBP,N,2023-05-30 21:49:11.0000000,2023-08-18 21:49:11.0000000
SRC_PRODUCT_B001_000000037,P000037,RV-000037,Compact Jacket 0037,Velora,767.34,GBP,Y,2024-01-02 05:15:59.0000000,2026-02-20 03:56:06.0000000
SRC_PRODUCT_B001_000000038,P000038,RV-000038,Premium Keyboard 0038,Meridian,230.32,GBP,Y,2024-01-02 06:10:22.0000000,2024-02-26 13:11:39.0000000
SRC_PRODUCT_B001_000000039,P000039,RV-000039,Classic Keyboard 0039,Axiom,653.24,GBP,Y,2024-01-01 10:32:29.0000000,2025-06-26 12:30:26.0000000
SRC_PRODUCT_B001_000000040,P000040,RV-000040,Essential Headphones 0040,Cinder,943.90,GBP,Y,2024-01-03 17:08:03.0000000,2026-05-03 11:53:01.0000000
SRC_PRODUCT_B001_000000041,P000041,RV-000041,Pro Trainer 0041,Velora,13.91,GBP,Y,2023-02-10 15:48:13.0000000,2023-03-31 15:48:13.0000000
SRC_PRODUCT_B001_000000042,P000042,RV-000042,Modern Headphones 0042,Kestrel,480.81,GBP,Y,2024-01-01 13:38:04.0000000,2025-09-06 10:57:39.0000000
SRC_PRODUCT_B001_000000043,P000043,RV-000043,Premium Speaker 0043,Axiom,246.76,GBP,N,2024-01-01 02:27:17.0000000,2024-07-03 19:50:32.0000000
SRC_PRODUCT_B001_000000044,P000044,RV-000044,Smart Shirt 0044,Kestrel,83.49,GBP,Y,2024-01-03 10:58:03.0000000,2024-08-02 19:26:37.0000000
SRC_PRODUCT_B001_000000045,P000045,RV-000045,Pro Backpack 0045,Kestrel,891.82,GBP,Y,2023-07-26 07:10:53.0000000,2023-08-07 07:10:53.0000000
SRC_PRODUCT_B001_000000046,P000046,RV-000046,Everyday Bottle 0046,Meridian,386.38,GBP,Y,2024-01-01 16:09:30.0000000,2026-10-08 10:28:05.0000000
SRC_PRODUCT_B001_000000047,P000047,RV-000047,Premium Serum 0047,Kestrel,224.72,GBP,Y,2023-08-31 14:18:02.0000000,2023-09-19 14:18:02.0000000
SRC_PRODUCT_B001_000000048,P000048,RV-000048,Ultra Speaker 0048,Lumina,229.83,GBP,Y,2024-01-02 19:24:52.0000000,2025-11-08 06:17:45.0000000
SRC_PRODUCT_B001_000000049,P000049,RV-000049,Everyday Serum 0049,Axiom,850.95,GBP,Y,2024-01-01 10:51:49.0000000,2026-09-12 23:36:21.0000000
SRC_PRODUCT_B001_000000050,P000050,RV-000050,Compact Bottle 0050,Meridian,298.96,GBP,Y,2024-01-02 02:04:17.0000000,2026-04-21 05:31:40.0000000
SRC_PRODUCT_B001_000000051,P000051,RV-000051,Eco Headphones 0051,Orbis,388.64,GBP,Y,2024-01-01 01:12:11.0000000,2026-06-13 06:40:39.0000000
SRC_PRODUCT_B001_000000052,P000052,RV-000052,Everyday Lamp 0052,Velora,864.91,GBP,Y,2024-01-01 06:01:35.0000000,2025-07-18 09:06:30.0000000
SRC_PRODUCT_B001_000000053,P000053,RV-000053,Compact Kettle 0053,Axiom,746.72,GBP,Y,2024-01-01 20:17:18.0000000,2024-05-01 10:54:11.0000000
SRC_PRODUCT_B001_000000054,P000054,RV-000054,Pro Kettle 0054,Northstar,67.10,GBP,Y,2024-01-01 11:54:51.0000000,2026-07-31 06:29:49.0000000
SRC_PRODUCT_B001_000000055,P000055,RV-000055,Ultra Kettle 0055,Lumina,541.98,GBP,True,2024-01-01 21:47:48.0000000,2025-04-10 19:52:24.0000000
SRC_PRODUCT_B001_000000056,P000056,RV-000056,Compact Mixer 0056,Lumina,345.98,GBP,Y,2024-01-06 05:13:19.0000000,2026-03-07 14:34:52.0000000
SRC_PRODUCT_B001_000000057,P000057,RV-000057,Compact Lamp 0057,Kestrel,154.08,GBP,Y,2024-01-01 11:27:25.0000000,2025-07-19 07:45:56.0000000
SRC_PRODUCT_B001_000000058,P000058,RV-000058,Everyday Keyboard 0058,Axiom,486.66,GBP,Y,2024-01-01 04:07:02.0000000,2026-03-14 03:36:33.0000000
SRC_PRODUCT_B001_000000059,P000059,RV-000059,Essential Kettle 0059,Lumina,952.39,GBP,Y,2024-01-01 09:04:30.0000000,2026-03-16 19:58:27.0000000
SRC_PRODUCT_B001_000000060,P000060,RV-000060,Compact Shirt 0060,Velora,689.32,GBP,N,2024-01-01 03:41:13.0000000,2024-12-19 19:20:20.0000000
SRC_PRODUCT_B001_000000061,P000061,RV-000061,Smart Mixer 0061,Meridian,517.43,GBP,Y,2024-01-01 20:11:54.0000000,2024-06-02 15:02:49.0000000
SRC_PRODUCT_B001_000000062,P000062,RV-000062,Modern Jacket 0062,Axiom,650.23,GBP,Y,2024-01-01 02:05:23.0000000,2025-06-09 02:34:45.0000000
SRC_PRODUCT_B001_000000063,P000063,RV-000063,Classic Jacket 0063,Meridian,683.64,GBP,Y,2024-01-01 09:57:08.0000000,2025-11-19 00:01:55.0000000
SRC_PRODUCT_B001_000000064,P000064,RV-000064,Everyday Bottle 0064,Lumina,145.89,GBP,Y,2024-01-02 01:56:26.0000000,2024-11-09 06:50:26.0000000
SRC_PRODUCT_B001_000000065,P000065,RV-000065,Modern Watch 0065,Axiom,579.93,GBP,Y,2024-01-01 22:50:08.0000000,2025-03-30 02:01:27.0000000
SRC_PRODUCT_B001_000000066,P000066,RV-000066,Pro Jacket 0066,Cinder,285.06,GBP,Y,2024-01-01 00:16:03.0000000,2024-11-29 07:36:51.0000000
SRC_PRODUCT_B001_000000067,P000067,RV-000067,Pro Kettle 0067,Meridian,988.44,GBP,Y,2024-01-02 09:50:51.0000000,2024-07-31 04:14:55.0000000
SRC_PRODUCT_B001_000000068,P000068,RV-000068,Classic Shirt 0068,Meridian,509.04,GBP,Y,2024-01-01 01:22:25.0000000,2026-05-16 11:39:03.0000000
SRC_PRODUCT_B001_000000069,P000069,RV-000069,Ultra Bottle 0069,Velora,190.81,GBP,Y,2023-01-07 16:50:25.0000000,2023-01-27 16:50:25.0000000
SRC_PRODUCT_B001_000000070,P000070,RV-000070,Ultra Serum 0070,Lumina,472.89,GBP,Y,2024-01-02 15:07:34.0000000,2025-07-04 20:19:30.0000000
SRC_PRODUCT_B001_000000071,P000071,RV-000071,Modern Shirt 0071,Cinder,204.13,GBP,N,2023-03-08 18:21:03.0000000,2023-04-24 18:21:03.0000000
SRC_PRODUCT_B001_000000072,P000072,RV-000072,Smart Serum 0072,Lumina,763.58,GBP,Y,2024-01-01 02:02:03.0000000,2024-06-08 23:01:53.0000000
SRC_PRODUCT_B001_000000073,P000073,RV-000073,Compact Shirt 0073,Orbis,715.36,GBP,Y,2024-01-01 11:56:39.0000000,2024-03-06 18:18:17.0000000
SRC_PRODUCT_B001_000000074,P000074,RV-000074,Essential Shirt 0074,Velora,588.67,GBP,Y,2024-01-01 11:04:40.0000000,2026-01-13 14:31:01.0000000
SRC_PRODUCT_B001_000000075,P000075,RV-000075,Pro Bottle 0075,Lumina,887.55,GBP,Y,2024-01-01 04:31:22.0000000,2025-02-09 15:28:57.0000000
SRC_PRODUCT_B001_000000076,P000076,RV-000076,Essential Blanket 0076,Orbis,109.05,GBP,Y,2024-01-01 06:41:31.0000000,2024-12-01 08:46:25.0000000
SRC_PRODUCT_B001_000000077,P000077,RV-000077,Compact Kettle 0077,Velora,23.17,GBP,Y,2024-01-01 11:00:24.0000000,2026-01-21 19:17:30.0000000
SRC_PRODUCT_B001_000000078,P000078,RV-000078,Premium Jacket 0078,Lumina,501.21,GBP,Y,2024-01-03 07:55:26.0000000,2026-03-23 07:17:36.0000000
SRC_PRODUCT_B001_000000079,P000079,RV-000079,Everyday Jacket 0079,Northstar,857.77,GBP,Y,2023-11-14 09:17:14.0000000,2023-12-12 09:17:14.0000000
SRC_PRODUCT_B001_000000080,P000080,RV-000080,Everyday Kettle 0080,Lumina,562.30,GBP,Y,2024-01-01 00:09:00.0000000,2025-09-27 12:13:58.0000000
SRC_PRODUCT_B001_000000081,P000081,RV-000081,Modern Camera 0081,Kestrel,161.05,GBP,Y,2024-01-01 01:15:23.0000000,2024-04-28 23:06:59.0000000
SRC_PRODUCT_B001_000000082,P000082,RV-000082,Pro Kettle 0082,Cinder,188.68,GBP,Y,2023-10-24 18:37:20.0000000,2023-12-17 18:37:20.0000000
SRC_PRODUCT_B001_000000083,P000083,RV-000083,Modern Backpack 0083,Cinder,316.07,GBP,Y,2024-01-01 02:12:49.0000000,2025-06-13 07:09:47.0000000
SRC_PRODUCT_B001_000000084,P000084,RV-000084,Pro Trainer 0084,Axiom,974.97,GBP,Y,2024-01-01 01:38:56.0000000,2025-04-21 08:12:14.0000000
SRC_PRODUCT_B001_000000085,P000085,RV-000085,Smart Lamp 0085,Orbis,321.21,GBP,Y,2024-01-01 16:22:03.0000000,2024-10-12 08:52:25.0000000
SRC_PRODUCT_B001_000000086,P000086,RV-000086,Compact Speaker 0086,Meridian,737.06,GBP,Y,2023-01-27 05:33:22.0000000,2023-02-28 05:33:22.0000000
SRC_PRODUCT_B001_000000087,P000087,RV-000087,Essential Keyboard 0087,Cinder,387.02,GBP,Y,2024-01-02 18:54:12.0000000,2024-03-06 18:24:52.0000000
SRC_PRODUCT_B001_000000088,P000088,RV-000088,Premium Kettle 0088,Northstar,436.59,GBP,Y,2024-01-02 01:26:32.0000000,2025-11-08 10:24:36.0000000
SRC_PRODUCT_B001_000000089,P000089,RV-000089,Classic Trainer 0089,Cinder,639.66,GBP,Y,2024-01-01 00:06:55.0000000,2024-10-16 10:08:47.0000000
SRC_PRODUCT_B001_000000090,P000090,RV-000090,Smart Serum 0090,Cinder,480.31,GBP,Y,2024-01-01 00:43:41.0000000,2025-04-15 04:00:16.0000000
SRC_PRODUCT_B001_000000091,P000091,RV-000091,Premium Lamp 0091,Lumina,548.78,GBP,Y,2024-01-01 01:04:05.0000000,2024-07-23 10:12:52.0000000
SRC_PRODUCT_B001_000000092,P000092,RV-000092,Premium Headphones 0092,Cinder,915.66,GBP,Y,2024-01-02 23:45:21.0000000,2026-04-26 08:07:09.0000000
SRC_PRODUCT_B001_000000093,P000093,RV-000093,Premium Shirt 0093,Axiom,747.56,GBP,Y,2023-03-25 13:14:09.0000000,2023-05-08 13:14:09.0000000
SRC_PRODUCT_B001_000000094,P000094,RV-000094,Ultra Bottle 0094,Kestrel,106.42,GBP,Y,2024-01-01 00:24:31.0000000,2025-08-23 13:50:41.0000000
SRC_PRODUCT_B001_000000095,P000095,RV-000095,Smart Shirt 0095,Lumina,472.57,GBP,Y,2024-01-01 23:35:42.0000000,2024-02-20 17:01:06.0000000
SRC_PRODUCT_B001_000000096,P000096,RV-000096,Ultra Bottle 0096,Velora,154.64,GBP,Y,2024-01-01 05:03:04.0000000,2025-11-30 08:15:49.0000000
SRC_PRODUCT_B001_000000097,P000097,RV-000097,Smart Blanket 0097,Northstar,464.92,GBP,Y,2023-10-28 10:43:59.0000000,2024-01-07 10:43:59.0000000
SRC_PRODUCT_B001_000000098,P000098,RV-000098,Everyday Lamp 0098,Meridian,614.50,GBP,Y,2024-01-01 09:27:34.0000000,2025-08-25 12:38:52.0000000
SRC_PRODUCT_B001_000000099,P000099,RV-000099,Pro Camera 0099,Lumina,618.54,GBP,Y,2024-01-01 00:21:11.0000000,2024-01-21 14:24:18.0000000
SRC_PRODUCT_B001_000000100,P000100,RV-000100,Smart Lamp 0100,Kestrel,152.35,GBP,Y,2024-01-01 15:44:15.0000000,2024-11-24 10:54:02.0000000
SRC_PRODUCT_B001_000000101,P000101,RV-000101,Eco Blanket 0101,Axiom,875.09,GBP,Y,2024-01-01 00:57:58.0000000,2026-04-10 09:56:31.0000000
SRC_PRODUCT_B001_000000102,P000102,RV-000102,Premium Serum 0102,Northstar,722.63,GBP,Y,2024-01-01 07:36:33.0000000,2025-08-10 08:10:26.0000000
SRC_PRODUCT_B001_000000103,P000103,RV-000103,Smart Backpack 0103,Lumina,115.59,GBP,Y,2023-05-08 12:27:31.0000000,2023-05-17 12:27:31.0000000
SRC_PRODUCT_B001_000000104,P000104,RV-000104,Eco Headphones 0104,Northstar,319.86,GBP,Y,2023-01-06 10:53:44.0000000,2023-03-21 10:53:44.0000000
SRC_PRODUCT_B001_000000105,P000105,RV-000105,Essential Lamp 0105,Velora,84.84,GBP,Y,2024-01-03 10:44:46.0000000,2025-01-21 00:36:04.0000000
SRC_PRODUCT_B001_000000106,P000106,RV-000106,Classic Kettle 0106,Axiom,798.64,GBP,Y,2024-01-01 00:39:39.0000000,2025-06-08 18:47:28.0000000
SRC_PRODUCT_B001_000000107,P000107,RV-000107,Pro Serum 0107,Orbis,111.86,GBP,Y,2023-07-15 02:35:32.0000000,2023-10-10 02:35:32.0000000
SRC_PRODUCT_B001_000000108,P000108,RV-000108,Premium Trainer 0108,Northstar,421.27,GBP,Y,2023-12-10 23:12:27.0000000,2024-01-09 23:12:27.0000000
SRC_PRODUCT_B001_000000109,P000109,RV-000109,Premium Backpack 0109,Orbis,521.72,GBP,Y,2024-01-01 19:37:51.0000000,2026-05-26 11:50:47.0000000
SRC_PRODUCT_B001_000000110,P000110,RV-000110,Classic Headphones 0110,Kestrel,655.56,GBP,Y,2024-01-02 15:55:16.0000000,2024-05-02 11:14:25.0000000
SRC_PRODUCT_B001_000000111,P000111,RV-000111,Smart Kettle 0111,Axiom,59.40,GBP,Y,2023-04-13 21:29:58.0000000,2023-06-02 21:29:58.0000000
SRC_PRODUCT_B001_000000112,P000112,RV-000112,Premium Bottle 0112,Lumina,637.75,GBP,Y,2024-01-01 00:51:51.0000000,2026-03-17 18:08:53.0000000
SRC_PRODUCT_B001_000000113,P000113,RV-000113,Modern Speaker 0113,Cinder,203.34,GBP,Y,2024-01-02 19:53:00.0000000,2025-11-19 07:50:48.0000000
SRC_PRODUCT_B001_000000114,P000114,RV-000114,Everyday Mixer 0114,Kestrel,591.83,GBP,Y,2024-01-03 04:49:06.0000000,2025-11-05 22:49:04.0000000
SRC_PRODUCT_B001_000000115,P000115,RV-000115,Pro Keyboard 0115,Northstar,462.88,GBP,Y,2024-01-01 01:56:50.0000000,2024-05-27 20:28:54.0000000
SRC_PRODUCT_B001_000000116,P000116,RV-000116,Classic Blanket 0116,Kestrel,236.72,GBP,Y,2024-01-01 04:22:24.0000000,2024-08-04 10:20:24.0000000
SRC_PRODUCT_B001_000000117,P000117,RV-000117,Pro Headphones 0117,Meridian,626.53,GBP,Y,2024-01-01 11:39:16.0000000,2026-01-17 00:38:49.0000000
SRC_PRODUCT_B001_000000118,P000118,RV-000118,Modern Jacket 0118,Kestrel,173.33,GBP,Y,2023-12-02 03:57:40.0000000,2024-01-06 03:57:40.0000000
SRC_PRODUCT_B001_000000119,P000119,RV-000119,Modern Bottle 0119,Kestrel,215.13,GBP,Y,2024-01-01 01:22:31.0000000,2026-07-15 05:36:46.0000000
SRC_PRODUCT_B001_000000120,P000120,RV-000120,Modern Bottle 0120,Axiom,253.99,GBP,Y,2023-03-06 01:16:13.0000000,2023-03-19 01:16:13.0000000
SRC_PRODUCT_B001_000000121,P000121,RV-000121,Compact Camera 0121,Axiom,798.69,GBP,Y,2024-01-01 19:57:31.0000000,2025-06-05 15:47:01.0000000
SRC_PRODUCT_B001_000000122,P000122,RV-000122,Eco Blanket 0122,Cinder,845.61,GBP,Y,2024-01-01 00:06:30.0000000,2025-04-30 00:39:10.0000000
SRC_PRODUCT_B001_000000123,P000123,RV-000123,Premium Shirt 0123,Velora,735.76,GBP,Y,2024-01-01 00:24:20.0000000,2024-01-16 17:03:44.0000000
SRC_PRODUCT_B001_000000124,P000124,RV-000124,Pro Speaker 0124,Kestrel,560.34,GBP,Y,2024-01-01 03:16:42.0000000,2026-04-09 02:46:50.0000000
SRC_PRODUCT_B001_000000125,P000125,RV-000125,Modern Backpack 0125,Lumina,718.94,GBP,Y,2024-01-02 05:29:20.0000000,2026-03-21 04:42:46.0000000
SRC_PRODUCT_B001_000000126,P000126,RV-000126,Pro Serum 0126,Lumina,763.39,GBP,Y,2024-01-01 23:44:05.0000000,2024-09-04 13:50:29.0000000
SRC_PRODUCT_B001_000000127,P000127,RV-000127,Pro Lamp 0127,Meridian,131.71,GBP,Y,2024-01-01 05:06:33.0000000,2024-11-18 14:26:14.0000000
SRC_PRODUCT_B001_000000128,P000128,RV-000128,Compact Shirt 0128,Velora,991.41,GBP,True,2023-09-30 21:07:22.0000000,2023-12-28 21:07:22.0000000
SRC_PRODUCT_B001_000000129,P000129,RV-000129,Eco Headphones 0129,Kestrel,843.10,GBP,True,2024-01-01 01:06:00.0000000,2025-03-31 02:03:46.0000000
SRC_PRODUCT_B001_000000130,P000130,RV-000130,Pro Camera 0130,Lumina,116.20,GBP,Y,2024-01-01 00:06:29.0000000,2025-07-20 04:54:49.0000000
SRC_PRODUCT_B001_000000131,P000131,RV-000131,Premium Kettle 0131,Kestrel,770.39,GBP,Y,2024-01-01 04:53:24.0000000,2025-05-23 06:04:04.0000000
SRC_PRODUCT_B001_000000132,P000132,RV-000132,Essential Bottle 0132,Axiom,458.89,GBP,Y,2024-01-01 00:43:09.0000000,2024-09-03 08:18:33.0000000
SRC_PRODUCT_B001_000000133,P000133,RV-000133,Eco Speaker 0133,Kestrel,556.07,GBP,Y,2024-01-02 01:49:29.0000000,2026-05-30 13:46:45.0000000
SRC_PRODUCT_B001_000000134,P000134,RV-000134,Modern Headphones 0134,Orbis,628.52,GBP,Y,2023-11-30 20:43:17.0000000,2024-01-18 20:43:17.0000000
SRC_PRODUCT_B001_000000135,P000135,RV-000135,Smart Bottle 0135,Lumina,998.78,GBP,Y,2023-06-02 15:17:42.0000000,2023-07-09 15:17:42.0000000
SRC_PRODUCT_B001_000000136,P000136,RV-000136,Classic Speaker 0136,Cinder,276.54,GBP,Y,2024-01-01 05:00:03.0000000,2025-06-15 02:36:24.0000000
SRC_PRODUCT_B001_000000137,P000137,RV-000137,Compact Serum 0137,Velora,217.76,GBP,Y,2024-01-01 20:25:28.0000000,2026-08-27 05:25:03.0000000
SRC_PRODUCT_B001_000000138,P000138,RV-000138,Classic Lamp 0138,Kestrel,695.31,GBP,Y,2024-01-01 01:50:56.0000000,2025-03-18 20:03:37.0000000
SRC_PRODUCT_B001_000000139,P000139,RV-000139,Essential Camera 0139,Orbis,658.32,GBP,Y,2024-01-01 23:47:46.0000000,2026-06-26 23:03:30.0000000
SRC_PRODUCT_B001_000000140,P000140,RV-000140,Essential Blanket 0140,Orbis,86.44,GBP,Y,2024-01-01 02:17:44.0000000,2025-01-18 09:38:17.0000000
SRC_PRODUCT_B001_000000141,P000141,RV-000141,Ultra Lamp 0141,Northstar,288.97,GBP,Y,2024-01-01 11:19:48.0000000,2025-05-29 08:32:02.0000000
SRC_PRODUCT_B001_000000142,P000142,RV-000142,Everyday Headphones 0142,Velora,523.39,GBP,Y,2024-01-01 02:12:20.0000000,2026-03-09 22:20:21.0000000
SRC_PRODUCT_B001_000000143,P000143,RV-000143,Ultra Trainer 0143,Lumina,923.51,GBP,Y,2024-01-01 00:33:43.0000000,2026-07-07 01:25:15.0000000
SRC_PRODUCT_B001_000000144,P000144,RV-000144,Modern Camera 0144,Axiom,820.45,GBP,Y,2023-03-12 18:25:16.0000000,2023-04-14 18:25:16.0000000
SRC_PRODUCT_B001_000000145,P000145,RV-000145,Essential Jacket 0145,Meridian,800.49,GBP,Y,2024-01-01 07:09:22.0000000,2025-08-16 01:49:59.0000000
SRC_PRODUCT_B001_000000146,P000146,RV-000146,Essential Trainer 0146,Velora,62.49,GBP,Y,2024-01-03 01:46:24.0000000,2026-02-06 14:45:07.0000000
SRC_PRODUCT_B001_000000147,P000147,RV-000147,Smart Bottle 0147,Meridian,211.87,GBP,Y,2024-01-01 00:31:26.0000000,2025-05-31 20:28:25.0000000
SRC_PRODUCT_B001_000000148,P000148,RV-000148,Classic Bottle 0148,Meridian,306.78,GBP,Y,2023-08-26 11:56:27.0000000,2023-09-19 11:56:27.0000000
SRC_PRODUCT_B001_000000149,P000149,RV-000149,Modern Speaker 0149,Kestrel,156.19,GBP,Y,2024-01-01 14:37:52.0000000,2024-11-20 10:03:14.0000000
SRC_PRODUCT_B001_000000150,P000150,RV-000150,Smart Mixer 0150,Northstar,425.44,GBP,Y,2024-01-01 01:33:44.0000000,2025-12-12 02:51:56.0000000
SRC_PRODUCT_B001_000000151,P000151,RV-000151,Premium Lamp 0151,Lumina,14.23,GBP,Y,2024-01-02 05:11:43.0000000,2026-01-27 11:36:04.0000000
SRC_PRODUCT_B001_000000152,P000152,RV-000152,Compact Kettle 0152,Cinder,167.35,GBP,Y,2024-01-03 10:36:22.0000000,2025-06-10 01:48:27.0000000
SRC_PRODUCT_B001_000000153,P000153,RV-000153,Smart Blanket 0153,Cinder,141.77,GBP,Y,2024-01-01 08:15:42.0000000,2024-03-21 03:50:42.0000000
SRC_PRODUCT_B001_000000154,P000154,RV-000154,Ultra Speaker 0154,Kestrel,8.49,GBP,Y,2023-08-13 03:55:39.0000000,2023-08-27 03:55:39.0000000
SRC_PRODUCT_B001_000000155,P000155,RV-000155,Pro Lamp 0155,Cinder,663.87,GBP,Y,2024-01-01 00:44:59.0000000,2025-09-16 08:14:19.0000000
SRC_PRODUCT_B001_000000156,P000156,RV-000156,Premium Blanket 0156,Kestrel,660.91,GBP,Y,2024-01-01 02:21:06.0000000,2025-06-01 09:08:55.0000000
SRC_PRODUCT_B001_000000157,P000157,RV-000157,Pro Mixer 0157,Velora,126.35,GBP,Y,2024-01-01 00:46:20.0000000,2025-03-31 10:55:22.0000000
SRC_PRODUCT_B001_000000158,P000158,RV-000158,Eco Kettle 0158,Northstar,266.20,GBP,Y,2024-01-01 00:30:31.0000000,2024-08-02 19:29:56.0000000
SRC_PRODUCT_B001_000000159,P000159,RV-000159,Smart Blanket 0159,Orbis,32.98,GBP,Y,2024-01-04 13:33:33.0000000,2025-09-23 17:35:35.0000000
SRC_PRODUCT_B001_000000160,P000160,RV-000160,Ultra Blanket 0160,Meridian,233.60,GBP,Y,2023-08-04 04:52:32.0000000,2023-10-19 04:52:32.0000000
SRC_PRODUCT_B001_000000161,P000161,RV-000161,Modern Trainer 0161,Cinder,546.20,GBP,Y,2024-01-01 06:16:29.0000000,2024-06-13 06:06:09.0000000
SRC_PRODUCT_B001_000000162,P000162,RV-000162,Ultra Shirt 0162,Kestrel,108.68,GBP,Y,2024-01-01 19:54:03.0000000,2025-04-12 02:48:08.0000000
SRC_PRODUCT_B001_000000163,P000163,RV-000163,Pro Shirt 0163,Cinder,495.99,GBP,Y,2024-01-02 21:05:12.0000000,2024-05-15 12:55:10.0000000
SRC_PRODUCT_B001_000000164,P000164,RV-000164,Eco Serum 0164,Northstar,963.74,GBP,Y,2023-03-22 07:34:20.0000000,2023-04-07 07:34:20.0000000
SRC_PRODUCT_B001_000000165,P000165,RV-000165,Everyday Headphones 0165,Meridian,172.69,GBP,Y,2024-01-01 02:01:23.0000000,2026-07-05 05:03:04.0000000
SRC_PRODUCT_B001_000000166,P000166,RV-000166,Ultra Speaker 0166,Lumina,419.81,GBP,Y,2024-01-01 07:36:25.0000000,2024-08-05 07:12:07.0000000
SRC_PRODUCT_B001_000000167,P000167,RV-000167,Essential Serum 0167,Kestrel,392.37,GBP,Y,2024-01-03 09:09:52.0000000,2025-11-19 08:42:30.0000000
SRC_PRODUCT_B001_000000168,P000168,RV-000168,Classic Mixer 0168,Lumina,616.57,GBP,Y,2023-03-16 12:13:15.0000000,2023-03-25 12:13:15.0000000
SRC_PRODUCT_B001_000000169,P000169,RV-000169,Premium Serum 0169,Orbis,834.25,GBP,Y,2024-01-01 04:54:24.0000000,2024-07-13 08:46:21.0000000
SRC_PRODUCT_B001_000000170,P000170,RV-000170,Compact Headphones 0170,Velora,37.15,GBP,Y,2024-01-03 03:48:24.0000000,2024-08-21 21:44:22.0000000
SRC_PRODUCT_B001_000000171,P000171,RV-000171,Essential Mixer 0171,Velora,229.66,GBP,Y,2023-02-27 09:07:20.0000000,2023-05-06 09:07:20.0000000
SRC_PRODUCT_B001_000000172,P000172,RV-000172,Essential Trainer 0172,Cinder,859.63,GBP,Y,2023-03-28 12:35:57.0000000,2023-04-01 12:35:57.0000000
SRC_PRODUCT_B001_000000173,P000173,RV-000173,Ultra Kettle 0173,Cinder,384.03,GBP,Y,2023-10-20 21:32:22.0000000,2023-11-07 21:32:22.0000000
SRC_PRODUCT_B001_000000174,P000174,RV-000174,Eco Keyboard 0174,Meridian,512.71,GBP,Y,2024-01-01 13:21:51.0000000,2024-05-11 13:53:45.0000000
SRC_PRODUCT_B001_000000175,P000175,RV-000175,Premium Serum 0175,Northstar,886.96,GBP,Y,2024-01-01 00:35:38.0000000,2025-11-12 08:10:22.0000000
SRC_PRODUCT_B001_000000176,P000176,RV-000176,Classic Kettle 0176,Cinder,774.61,GBP,Y,2023-06-03 14:54:41.0000000,2023-06-14 14:54:41.0000000
SRC_PRODUCT_B001_000000177,P000177,RV-000177,Pro Keyboard 0177,Kestrel,547.90,GBP,Y,2024-01-01 05:03:24.0000000,2025-05-03 15:33:38.0000000
SRC_PRODUCT_B001_000000178,P000178,RV-000178,Smart Watch 0178,Cinder,221.29,GBP,Y,2024-01-01 02:17:16.0000000,2024-06-26 19:36:21.0000000
SRC_PRODUCT_B001_000000179,P000179,RV-000179,Smart Serum 0179,Kestrel,49.46,GBP,Y,2023-10-29 08:42:53.0000000,2023-11-14 08:42:53.0000000
SRC_PRODUCT_B001_000000180,P000180,RV-000180,Classic Backpack 0180,Axiom,69.75,GBP,Y,2023-02-07 19:45:18.0000000,2023-02-23 19:45:18.0000000
SRC_PRODUCT_B001_000000181,P000181,RV-000181,Premium Blanket 0181,Kestrel,929.77,GBP,N,2024-01-01 01:01:04.0000000,2024-05-01 04:45:40.0000000
SRC_PRODUCT_B001_000000182,P000182,RV-000182,Modern Lamp 0182,Lumina,215.08,GBP,Y,2024-01-01 23:11:33.0000000,2024-10-17 06:53:29.0000000
SRC_PRODUCT_B001_000000183,P000183,RV-000183,Premium Speaker 0183,Kestrel,852.40,GBP,Y,2024-01-02 04:39:48.0000000,2025-04-19 20:56:44.0000000
SRC_PRODUCT_B001_000000184,P000184,RV-000184,Smart Lamp 0184,Lumina,141.96,GBP,True,2024-01-02 09:02:35.0000000,2025-12-30 06:03:02.0000000
SRC_PRODUCT_B001_000000185,P000185,RV-000185,Eco Shirt 0185,Northstar,694.40,GBP,Y,2023-03-14 06:00:19.0000000,2023-06-04 06:00:19.0000000
SRC_PRODUCT_B001_000000186,P000186,RV-000186,Pro Speaker 0186,Cinder,155.32,GBP,Y,2024-01-01 02:08:43.0000000,2024-10-13 02:06:35.0000000
SRC_PRODUCT_B001_000000187,P000187,RV-000187,Compact Kettle 0187,Northstar,263.09,GBP,Y,2023-12-21 16:02:04.0000000,2024-02-27 16:02:04.0000000
SRC_PRODUCT_B001_000000188,P000188,RV-000188,Pro Speaker 0188,Orbis,785.39,GBP,Y,2024-01-01 04:26:11.0000000,2024-12-31 21:22:13.0000000
SRC_PRODUCT_B001_000000189,P000189,RV-000189,Essential Camera 0189,Cinder,219.80,GBP,Y,2024-01-01 00:20:14.0000000,2026-08-15 21:33:16.0000000
SRC_PRODUCT_B001_000000190,P000190,RV-000190,Modern Blanket 0190,Kestrel,302.01,GBP,Y,2024-01-02 00:13:34.0000000,2025-08-15 01:04:56.0000000
SRC_PRODUCT_B001_000000191,P000191,RV-000191,Ultra Kettle 0191,Meridian,766.65,GBP,Y,2024-01-01 00:27:12.0000000,2024-05-30 10:21:03.0000000
SRC_PRODUCT_B001_000000192,P000192,RV-000192,Smart Jacket 0192,Axiom,177.30,GBP,Y,2024-01-01 06:09:44.0000000,2026-09-06 18:09:55.0000000
SRC_PRODUCT_B001_000000193,P000193,RV-000193,Essential Serum 0193,Lumina,90.32,GBP,Y,2023-03-24 13:46:36.0000000,2023-06-11 13:46:36.0000000
SRC_PRODUCT_B001_000000194,P000194,RV-000194,Smart Speaker 0194,Meridian,969.56,GBP,Y,2024-01-01 04:36:31.0000000,2026-02-20 19:47:19.0000000
SRC_PRODUCT_B001_000000195,P000195,RV-000195,Classic Watch 0195,Kestrel,656.01,GBP,Y,2024-01-04 12:38:01.0000000,2024-09-16 10:47:14.0000000
SRC_PRODUCT_B001_000000196,P000196,RV-000196,Premium Speaker 0196,Lumina,82.04,GBP,Y,2024-01-01 23:15:18.0000000,2024-10-21 18:01:55.0000000
SRC_PRODUCT_B001_000000197,P000197,RV-000197,Pro Camera 0197,Meridian,46.73,GBP,Y,2024-01-01 03:15:56.0000000,2024-08-11 11:06:07.0000000
SRC_PRODUCT_B001_000000198,P000198,RV-000198,Essential Kettle 0198,Axiom,956.30,GBP,Y,2024-01-01 00:55:24.0000000,2025-08-07 18:14:24.0000000
SRC_PRODUCT_B001_000000199,P000199,RV-000199,Essential Speaker 0199,Lumina,466.63,GBP,Y,2024-01-01 04:38:45.0000000,2025-06-10 03:36:35.0000000
SRC_PRODUCT_B001_000000200,P000200,RV-000200,Essential Mixer 0200,Lumina,221.07,GBP,Y,2024-01-04 20:44:18.0000000,2026-05-08 21:42:36.0000000
SRC_PRODUCT_B001_000000201,P000201,RV-000201,Smart Backpack 0201,Lumina,433.51,GBP,Y,2023-02-27 22:36:54.0000000,2023-04-25 22:36:54.0000000
SRC_PRODUCT_B001_000000202,P000202,RV-000202,Everyday Serum 0202,Lumina,184.55,GBP,Y,2024-01-01 12:27:26.0000000,2025-09-15 04:28:52.0000000
SRC_PRODUCT_B001_000000203,P000203,RV-000203,Ultra Lamp 0203,Cinder,731.03,GBP,Y,2024-01-01 08:29:58.0000000,2024-10-15 22:17:31.0000000
SRC_PRODUCT_B001_000000204,P000204,RV-000204,Pro Trainer 0204,Velora,901.60,GBP,Y,2024-01-03 02:57:16.0000000,2024-11-12 02:58:38.0000000
SRC_PRODUCT_B001_000000205,P000205,RV-000205,Classic Kettle 0205,Velora,212.28,GBP,Y,2024-01-01 06:05:47.0000000,2026-01-20 11:57:39.0000000
SRC_PRODUCT_B001_000000206,P000206,RV-000206,Classic Lamp 0206,Velora,743.22,GBP,Y,2023-12-12 00:51:20.0000000,2023-12-15 00:51:20.0000000
SRC_PRODUCT_B001_000000207,P000207,RV-000207,Everyday Kettle 0207,Axiom,437.53,GBP,Y,2024-01-02 08:51:11.0000000,2025-01-25 03:47:56.0000000
SRC_PRODUCT_B001_000000208,P000208,RV-000208,Premium Jacket 0208,Velora,858.77,GBP,Y,2024-01-01 10:01:23.0000000,2024-12-11 01:51:46.0000000
SRC_PRODUCT_B001_000000209,P000209,RV-000209,Essential Blanket 0209,Orbis,549.40,GBP,Y,2023-06-03 17:17:18.0000000,2023-08-14 17:17:18.0000000
SRC_PRODUCT_B001_000000210,P000210,RV-000210,Eco Speaker 0210,Northstar,860.40,GBP,Y,2024-01-01 02:41:42.0000000,2024-07-02 01:00:51.0000000
SRC_PRODUCT_B001_000000211,P000211,RV-000211,Smart Watch 0211,Cinder,133.52,GBP,Y,2024-01-01 05:46:31.0000000,2026-01-28 04:16:16.0000000
SRC_PRODUCT_B001_000000212,P000212,RV-000212,Pro Speaker 0212,Cinder,947.35,GBP,Y,2024-01-01 03:51:41.0000000,2026-06-26 22:01:06.0000000
SRC_PRODUCT_B001_000000213,P000213,RV-000213,Premium Blanket 0213,Meridian,897.53,GBP,Y,2023-02-03 20:21:55.0000000,2023-02-07 20:21:55.0000000
SRC_PRODUCT_B001_000000214,P000214,RV-000214,Premium Mixer 0214,Lumina,794.44,GBP,Y,2024-01-02 00:16:15.0000000,2025-09-30 03:21:20.0000000
SRC_PRODUCT_B001_000000215,P000215,RV-000215,Pro Shirt 0215,Lumina,87.99,GBP,Y,2024-01-01 00:09:35.0000000,2024-12-14 01:27:04.0000000
SRC_PRODUCT_B001_000000216,P000216,RV-000216,Compact Mixer 0216,Cinder,720.59,GBP,Y,2024-01-01 00:39:05.0000000,2026-05-05 12:28:53.0000000
SRC_PRODUCT_B001_000000217,P000217,RV-000217,Eco Kettle 0217,Lumina,540.16,GBP,Y,2023-08-02 19:03:41.0000000,2023-09-18 19:03:41.0000000
SRC_PRODUCT_B001_000000218,P000218,RV-000218,Everyday Headphones 0218,Velora,598.00,GBP,Y,2024-01-01 08:03:31.0000000,2025-12-24 13:05:50.0000000
SRC_PRODUCT_B001_000000219,P000219,RV-000219,Modern Jacket 0219,Lumina,161.99,GBP,Y,2024-01-01 16:23:47.0000000,2025-12-15 10:39:01.0000000
SRC_PRODUCT_B001_000000220,P000220,RV-000220,Ultra Backpack 0220,Orbis,657.08,GBP,Y,2023-03-07 11:29:31.0000000,2023-05-29 11:29:31.0000000
SRC_PRODUCT_B001_000000221,P000221,RV-000221,Modern Kettle 0221,Lumina,508.33,GBP,Y,2024-01-01 21:36:06.0000000,2024-08-10 13:49:51.0000000
SRC_PRODUCT_B001_000000222,P000222,RV-000222,Ultra Bottle 0222,Cinder,629.25,GBP,Y,2023-12-27 01:57:54.0000000,2023-12-30 01:57:54.0000000
SRC_PRODUCT_B001_000000223,P000223,RV-000223,Ultra Kettle 0223,Lumina,319.16,GBP,Y,2024-01-01 03:20:27.0000000,2026-03-18 00:39:10.0000000
SRC_PRODUCT_B001_000000224,P000224,RV-000224,Eco Jacket 0224,Meridian,904.72,GBP,Y,2023-03-14 18:10:34.0000000,2023-03-23 18:10:34.0000000
SRC_PRODUCT_B001_000000225,P000225,RV-000225,Modern Speaker 0225,Axiom,806.71,GBP,Y,2024-01-02 11:35:32.0000000,2024-03-09 13:08:38.0000000
SRC_PRODUCT_B001_000000226,P000226,RV-000226,Eco Camera 0226,Cinder,666.76,GBP,Y,2024-01-01 06:18:03.0000000,2025-04-03 09:41:57.0000000
SRC_PRODUCT_B001_000000227,P000227,RV-000227,Essential Kettle 0227,Axiom,9.38,GBP,Y,2024-01-01 00:52:22.0000000,2026-06-30 07:35:33.0000000
SRC_PRODUCT_B001_000000228,P000228,RV-000228,Eco Keyboard 0228,Velora,700.78,GBP,Y,2024-01-01 10:22:41.0000000,2026-07-06 17:27:03.0000000
SRC_PRODUCT_B001_000000229,P000229,RV-000229,Premium Kettle 0229,Kestrel,224.39,GBP,Y,2024-01-01 09:24:53.0000000,2025-04-24 01:50:14.0000000
SRC_PRODUCT_B001_000000230,P000230,RV-000230,Classic Speaker 0230,Cinder,681.89,GBP,Y,2024-01-01 10:55:51.0000000,2025-03-06 09:54:10.0000000
SRC_PRODUCT_B001_000000231,P000231,RV-000231,Compact Headphones 0231,Velora,540.03,GBP,Y,2024-01-01 01:49:21.0000000,2026-01-12 05:20:12.0000000
SRC_PRODUCT_B001_000000232,P000232,RV-000232,Pro Trainer 0232,Meridian,710.80,GBP,Y,2024-01-01 07:44:54.0000000,2024-07-27 19:07:54.0000000
SRC_PRODUCT_B001_000000233,P000233,RV-000233,Smart Bottle 0233,Velora,729.75,GBP,Y,2024-01-01 00:00:35.0000000,2025-12-23 17:53:59.0000000
SRC_PRODUCT_B001_000000234,P000234,RV-000234,Everyday Kettle 0234,Velora,919.44,GBP,Y,2024-01-01 08:21:40.0000000,2024-11-07 11:23:45.0000000
SRC_PRODUCT_B001_000000235,P000235,RV-000235,Classic Bottle 0235,Velora,452.38,GBP,Y,2024-01-01 18:12:05.0000000,2026-04-15 22:28:53.0000000
SRC_PRODUCT_B001_000000236,P000236,RV-000236,Classic Jacket 0236,Northstar,354.48,GBP,Y,2023-07-17 03:40:50.0000000,2023-09-21 03:40:50.0000000
SRC_PRODUCT_B001_000000237,P000237,RV-000237,Premium Trainer 0237,Axiom,627.92,GBP,Y,2024-01-01 23:36:18.0000000,2026-08-14 16:06:06.0000000
SRC_PRODUCT_B001_000000238,P000238,RV-000238,Everyday Headphones 0238,Axiom,633.94,GBP,Y,2023-04-08 00:56:07.0000000,2023-05-11 00:56:07.0000000
SRC_PRODUCT_B001_000000239,P000239,RV-000239,Everyday Lamp 0239,Meridian,777.86,GBP,Y,2024-01-04 05:31:25.0000000,2025-08-04 06:45:42.0000000
SRC_PRODUCT_B001_000000240,P000240,RV-000240,Eco Speaker 0240,Axiom,676.23,GBP,Y,2024-01-02 20:37:24.0000000,2025-01-14 14:42:18.0000000
SRC_PRODUCT_B001_000000241,P000241,RV-000241,Ultra Keyboard 0241,Meridian,10.30,GBP,Y,2023-01-20 06:47:02.0000000,2023-03-18 06:47:02.0000000
SRC_PRODUCT_B001_000000242,P000242,RV-000242,Pro Blanket 0242,Cinder,347.67,GBP,Y,2024-01-01 03:11:42.0000000,2025-12-21 07:58:50.0000000
SRC_PRODUCT_B001_000000243,P000243,RV-000243,Premium Speaker 0243,Axiom,825.98,GBP,Y,2023-09-04 12:54:21.0000000,2023-10-11 12:54:21.0000000
SRC_PRODUCT_B001_000000244,P000244,RV-000244,Modern Bottle 0244,Velora,560.92,GBP,Y,2023-04-08 22:12:59.0000000,2023-05-02 22:12:59.0000000
SRC_PRODUCT_B001_000000245,P000245,RV-000245,Pro Shirt 0245,Cinder,826.64,GBP,Y,2024-01-01 14:03:17.0000000,2026-06-26 17:29:18.0000000
SRC_PRODUCT_B001_000000246,P000246,RV-000246,Smart Kettle 0246,Axiom,34.82,GBP,Y,2024-01-01 19:14:03.0000000,2025-09-29 03:04:55.0000000
SRC_PRODUCT_B001_000000247,P000247,RV-000247,Compact Keyboard 0247,Axiom,403.42,GBP,Y,2023-09-01 19:15:36.0000000,2023-10-01 19:15:36.0000000
SRC_PRODUCT_B001_000000248,P000248,RV-000248,Modern Headphones 0248,Kestrel,521.59,GBP,Y,2023-03-29 11:56:41.0000000,2023-05-27 11:56:41.0000000
SRC_PRODUCT_B001_000000249,P000249,RV-000249,Pro Watch 0249,Velora,921.62,GBP,Y,2024-01-04 03:14:54.0000000,2025-03-30 08:35:55.0000000
SRC_PRODUCT_B001_000000250,P000250,RV-000250,Eco Lamp 0250,Cinder,228.09,GBP,Y,2023-12-04 00:34:31.0000000,2024-01-02 00:34:31.0000000
SRC_PRODUCT_B001_000000251,P000251,RV-000251,Modern Lamp 0251,Velora,574.36,GBP,Y,2024-01-01 07:01:12.0000000,2024-04-12 19:44:07.0000000
SRC_PRODUCT_B001_000000252,P000252,RV-000252,Smart Backpack 0252,Cinder,938.98,GBP,Y,2023-08-05 23:24:21.0000000,2023-08-10 23:24:21.0000000
SRC_PRODUCT_B001_000000253,P000253,RV-000253,Eco Keyboard 0253,Cinder,910.22,GBP,Y,2024-01-01 01:10:13.0000000,2025-02-21 10:11:09.0000000
SRC_PRODUCT_B001_000000254,P000254,RV-000254,Eco Speaker 0254,Lumina,863.22,GBP,Y,2024-01-01 00:03:38.0000000,2026-07-18 18:33:17.0000000
SRC_PRODUCT_B001_000000255,P000255,RV-000255,Ultra Camera 0255,Velora,687.00,GBP,Y,2024-01-01 13:22:42.0000000,2024-10-03 03:06:39.0000000
SRC_PRODUCT_B001_000000256,P000256,RV-000256,Compact Bottle 0256,Velora,739.29,GBP,Y,2023-10-08 07:18:27.0000000,2023-10-13 07:18:27.0000000
SRC_PRODUCT_B001_000000257,P000257,RV-000257,Premium Shirt 0257,Cinder,254.88,GBP,Y,2024-01-01 23:43:16.0000000,2026-07-26 11:13:41.0000000
SRC_PRODUCT_B001_000000258,P000258,RV-000258,Classic Bottle 0258,Orbis,25.07,GBP,Y,2024-01-02 09:49:18.0000000,2026-01-08 10:00:46.0000000
SRC_PRODUCT_B001_000000259,P000259,RV-000259,Classic Mixer 0259,Northstar,85.91,GBP,Y,2024-01-01 00:41:42.0000000,2025-11-07 15:27:09.0000000
SRC_PRODUCT_B001_000000260,P000260,RV-000260,Pro Kettle 0260,Velora,840.88,GBP,True,2024-01-01 11:29:39.0000000,2026-06-05 23:36:24.0000000
SRC_PRODUCT_B001_000000261,P000261,RV-000261,Ultra Camera 0261,Axiom,562.00,GBP,Y,2023-06-12 02:55:32.0000000,2023-07-13 02:55:32.0000000
SRC_PRODUCT_B001_000000262,P000262,RV-000262,Essential Lamp 0262,Velora,21.89,GBP,Y,2024-01-01 14:47:06.0000000,2025-08-23 00:22:20.0000000
SRC_PRODUCT_B001_000000263,P000263,RV-000263,Smart Shirt 0263,Northstar,629.08,GBP,Y,2024-01-01 16:29:50.0000000,2026-03-26 04:11:00.0000000
SRC_PRODUCT_B001_000000264,P000264,RV-000264,Everyday Serum 0264,Lumina,436.46,GBP,Y,2024-01-02 07:27:18.0000000,2024-04-01 17:54:33.0000000
SRC_PRODUCT_B001_000000265,P000265,RV-000265,Smart Mixer 0265,Lumina,372.19,GBP,Y,2024-01-02 08:24:33.0000000,2024-06-01 11:51:32.0000000
SRC_PRODUCT_B001_000000266,P000266,RV-000266,Classic Camera 0266,Northstar,710.27,GBP,Y,2023-04-16 05:37:01.0000000,2023-05-06 05:37:01.0000000
SRC_PRODUCT_B001_000000267,P000267,RV-000267,Ultra Trainer 0267,Lumina,593.71,GBP,Y,2024-01-01 02:24:20.0000000,2024-09-28 04:46:54.0000000
SRC_PRODUCT_B001_000000268,P000268,RV-000268,Essential Mixer 0268,Northstar,567.79,GBP,Y,2024-01-01 06:17:42.0000000,2025-07-30 15:33:04.0000000
SRC_PRODUCT_B001_000000269,P000269,RV-000269,Pro Keyboard 0269,Meridian,673.74,GBP,Y,2024-01-01 01:18:54.0000000,2025-10-02 13:33:08.0000000
SRC_PRODUCT_B001_000000270,P000270,RV-000270,Modern Trainer 0270,Kestrel,969.77,GBP,Y,2023-10-25 09:57:49.0000000,2023-12-04 09:57:49.0000000
SRC_PRODUCT_B001_000000271,P000271,RV-000271,Essential Backpack 0271,Lumina,972.43,GBP,Y,2023-09-04 10:00:14.0000000,2023-09-20 10:00:14.0000000
SRC_PRODUCT_B001_000000272,P000272,RV-000272,Essential Speaker 0272,Cinder,699.22,GBP,Y,2024-01-01 02:34:35.0000000,2026-06-01 18:31:48.0000000
SRC_PRODUCT_B001_000000273,P000273,RV-000273,Everyday Keyboard 0273,Orbis,355.82,GBP,Y,2023-04-18 09:34:05.0000000,2023-05-04 09:34:05.0000000
SRC_PRODUCT_B001_000000274,P000274,RV-000274,Premium Watch 0274,Kestrel,670.62,GBP,Y,2024-01-01 19:29:54.0000000,2025-05-15 18:59:09.0000000
SRC_PRODUCT_B001_000000275,P000275,RV-000275,Eco Trainer 0275,Cinder,971.61,GBP,Y,2024-01-01 03:49:33.0000000,2025-10-30 09:32:34.0000000
SRC_PRODUCT_B001_000000276,P000276,RV-000276,Everyday Mixer 0276,Velora,998.35,GBP,Y,2024-01-01 11:26:04.0000000,2024-08-09 09:20:32.0000000
SRC_PRODUCT_B001_000000277,P000277,RV-000277,Modern Kettle 0277,Kestrel,981.41,GBP,Y,2024-01-05 04:14:49.0000000,2024-10-21 03:07:23.0000000
SRC_PRODUCT_B001_000000278,P000278,RV-000278,Essential Camera 0278,Meridian,103.74,GBP,Y,2024-01-01 23:23:51.0000000,2025-07-21 14:42:55.0000000
SRC_PRODUCT_B001_000000279,P000279,RV-000279,Smart Headphones 0279,Velora,855.67,GBP,Y,2024-01-01 09:44:12.0000000,2024-04-24 18:33:40.0000000
SRC_PRODUCT_B001_000000280,P000280,RV-000280,Smart Backpack 0280,Kestrel,733.25,GBP,Y,2024-01-02 04:35:28.0000000,2025-03-27 00:51:49.0000000
SRC_PRODUCT_B001_000000281,P000281,RV-000281,Compact Blanket 0281,Velora,402.21,GBP,Y,2023-09-12 03:42:48.0000000,2023-09-15 03:42:48.0000000
SRC_PRODUCT_B001_000000282,P000282,RV-000282,Pro Speaker 0282,Axiom,889.74,GBP,Y,2023-12-14 21:20:48.0000000,2023-12-31 21:20:48.0000000
SRC_PRODUCT_B001_000000283,P000283,RV-000283,Premium Lamp 0283,Velora,966.19,GBP,Y,2024-01-01 00:18:46.0000000,2026-06-24 02:07:21.0000000
SRC_PRODUCT_B001_000000284,P000284,RV-000284,Classic Trainer 0284,Kestrel,771.09,GBP,Y,2024-01-01 13:46:38.0000000,2024-07-01 02:02:16.0000000
SRC_PRODUCT_B001_000000285,P000285,RV-000285,Eco Headphones 0285,Kestrel,707.93,GBP,Y,2023-01-14 01:51:41.0000000,2023-02-06 01:51:41.0000000
SRC_PRODUCT_B001_000000286,P000286,RV-000286,Essential Backpack 0286,Orbis,209.65,GBP,Y,2024-01-01 19:23:45.0000000,2024-04-29 11:45:57.0000000
SRC_PRODUCT_B001_000000287,P000287,RV-000287,Premium Watch 0287,Lumina,950.93,GBP,N,2024-01-01 09:33:01.0000000,2025-08-15 15:32:46.0000000
SRC_PRODUCT_B001_000000288,P000288,RV-000288,Classic Backpack 0288,Northstar,487.83,GBP,Y,2023-07-25 14:14:32.0000000,2023-08-26 14:14:32.0000000
SRC_PRODUCT_B001_000000289,P000289,RV-000289,Classic Jacket 0289,Northstar,688.94,GBP,Y,2024-01-01 01:32:12.0000000,2026-02-25 08:06:52.0000000
SRC_PRODUCT_B001_000000290,P000290,RV-000290,Premium Mixer 0290,Axiom,142.73,GBP,Y,2023-09-19 12:37:30.0000000,2023-09-21 12:37:30.0000000
SRC_PRODUCT_B001_000000291,P000291,RV-000291,Smart Jacket 0291,Northstar,642.93,GBP,Y,2024-01-01 00:39:55.0000000,2024-06-16 11:25:10.0000000
SRC_PRODUCT_B001_000000292,P000292,RV-000292,Eco Camera 0292,Orbis,50.06,GBP,Y,2024-01-02 04:29:43.0000000,2024-07-15 18:42:46.0000000
SRC_PRODUCT_B001_000000293,P000293,RV-000293,Modern Watch 0293,Lumina,227.96,GBP,Y,2023-06-01 15:20:16.0000000,2023-06-29 15:20:16.0000000
SRC_PRODUCT_B001_000000294,P000294,RV-000294,Everyday Kettle 0294,Velora,328.39,GBP,Y,2024-01-01 03:11:51.0000000,2026-08-02 01:48:45.0000000
SRC_PRODUCT_B001_000000295,P000295,RV-000295,Ultra Watch 0295,Orbis,903.32,GBP,Y,2024-01-01 10:16:27.0000000,2026-06-06 06:41:47.0000000
SRC_PRODUCT_B001_000000296,P000296,RV-000296,Smart Blanket 0296,Lumina,368.65,GBP,Y,2024-01-01 10:06:29.0000000,2025-05-03 15:10:25.0000000
SRC_PRODUCT_B001_000000297,P000297,RV-000297,Classic Keyboard 0297,Axiom,397.13,GBP,Y,2024-01-02 05:23:59.0000000,2026-08-04 23:49:10.0000000
SRC_PRODUCT_B001_000000298,P000298,RV-000298,Compact Camera 0298,Northstar,79.17,GBP,Y,2024-01-01 07:38:20.0000000,2025-07-25 15:41:38.0000000
SRC_PRODUCT_B001_000000299,P000299,RV-000299,Classic Headphones 0299,Velora,345.03,GBP,Y,2024-01-01 03:16:43.0000000,2024-09-17 07:07:23.0000000
SRC_PRODUCT_B001_000000300,P000300,RV-000300,Compact Watch 0300,Orbis,943.51,GBP,Y,2024-01-01 20:15:02.0000000,2025-04-05 17:47:51.0000000
SRC_PRODUCT_B001_000000301,P000301,RV-000301,Everyday Bottle 0301,Meridian,93.32,GBP,Y,2024-01-01 15:48:42.0000000,2026-03-11 06:31:35.0000000
SRC_PRODUCT_B001_000000302,P000302,RV-000302,Compact Speaker 0302,Northstar,4.15,GBP,Y,2024-01-01 00:00:01.0000000,2026-06-11 19:45:53.0000000
SRC_PRODUCT_B001_000000303,P000303,RV-000303,Smart Mixer 0303,Cinder,563.05,GBP,Y,2024-01-01 00:52:53.0000000,2025-02-27 14:30:16.0000000
SRC_PRODUCT_B001_000000304,P000304,RV-000304,Compact Lamp 0304,Lumina,486.49,GBP,Y,2024-01-02 11:48:16.0000000,2025-08-16 22:16:33.0000000
SRC_PRODUCT_B001_000000305,P000305,RV-000305,Smart Blanket 0305,Meridian,729.91,GBP,Y,2023-09-26 15:45:55.0000000,2023-10-31 15:45:55.0000000
SRC_PRODUCT_B001_000000306,P000306,RV-000306,Everyday Backpack 0306,Northstar,869.70,GBP,Y,2023-10-03 21:17:28.0000000,2023-11-25 21:17:28.0000000
SRC_PRODUCT_B001_000000307,P000307,RV-000307,Eco Watch 0307,Axiom,70.98,GBP,Y,2024-01-01 09:32:42.0000000,2025-07-24 18:41:22.0000000
SRC_PRODUCT_B001_000000308,P000308,RV-000308,Pro Backpack 0308,Velora,58.68,GBP,Y,2024-01-02 01:57:05.0000000,2025-08-30 14:56:05.0000000
SRC_PRODUCT_B001_000000309,P000309,RV-000309,Smart Mixer 0309,Cinder,17.41,GBP,Y,2024-01-01 06:33:29.0000000,2026-10-17 10:15:04.0000000
SRC_PRODUCT_B001_000000310,P000310,RV-000310,Everyday Serum 0310,Cinder,626.28,GBP,Y,2024-01-01 05:30:44.0000000,2024-08-10 09:29:33.0000000
SRC_PRODUCT_B001_000000311,P000311,RV-000311,Ultra Kettle 0311,Northstar,539.10,GBP,Y,2024-01-03 23:53:09.0000000,2026-04-10 16:25:34.0000000
SRC_PRODUCT_B001_000000312,P000312,RV-000312,Essential Jacket 0312,Lumina,310.51,GBP,Y,2024-01-01 02:38:30.0000000,2025-08-19 02:35:36.0000000
SRC_PRODUCT_B001_000000313,P000313,RV-000313,Modern Camera 0313,Northstar,18.35,GBP,Y,2023-10-09 09:35:40.0000000,2023-12-04 09:35:40.0000000
SRC_PRODUCT_B001_000000314,P000314,RV-000314,Compact Watch 0314,Orbis,335.73,GBP,Y,2024-01-01 00:42:30.0000000,2024-04-23 09:11:37.0000000
SRC_PRODUCT_B001_000000315,P000315,RV-000315,Pro Bottle 0315,Lumina,767.07,GBP,Y,2023-07-08 09:56:46.0000000,2023-07-10 09:56:46.0000000
SRC_PRODUCT_B001_000000316,P000316,RV-000316,Classic Serum 0316,Meridian,350.93,GBP,Y,2024-01-01 22:23:21.0000000,2026-01-16 21:31:29.0000000
SRC_PRODUCT_B001_000000317,P000317,RV-000317,Premium Speaker 0317,Cinder,979.74,GBP,Y,2024-01-01 02:33:37.0000000,2025-07-04 10:33:34.0000000
SRC_PRODUCT_B001_000000318,P000318,RV-000318,Eco Mixer 0318,Orbis,496.94,GBP,Y,2023-01-11 11:04:21.0000000,2023-02-28 11:04:21.0000000
SRC_PRODUCT_B001_000000319,P000319,RV-000319,Pro Mixer 0319,Axiom,15.23,GBP,Y,2023-05-26 11:34:28.0000000,2023-06-06 11:34:28.0000000
SRC_PRODUCT_B001_000000320,P000320,RV-000320,Compact Bottle 0320,Meridian,270.63,GBP,Y,2023-05-01 14:11:50.0000000,2023-07-23 14:11:50.0000000
SRC_PRODUCT_B001_000000321,P000321,RV-000321,Pro Kettle 0321,Kestrel,31.38,GBP,Y,2023-02-15 04:38:36.0000000,2023-03-13 04:38:36.0000000
SRC_PRODUCT_B001_000000322,P000322,RV-000322,Classic Jacket 0322,Meridian,16.32,GBP,Y,2024-01-01 07:07:26.0000000,2025-08-30 16:51:11.0000000
SRC_PRODUCT_B001_000000323,P000323,RV-000323,Essential Camera 0323,Orbis,677.54,GBP,Y,2024-01-01 16:15:49.0000000,2025-11-22 17:09:27.0000000
SRC_PRODUCT_B001_000000324,P000324,RV-000324,Classic Bottle 0324,Northstar,533.98,GBP,Y,2024-01-02 15:44:58.0000000,2026-02-09 20:27:41.0000000
SRC_PRODUCT_B001_000000325,P000325,RV-000325,Classic Trainer 0325,Orbis,663.81,GBP,Y,2024-01-01 04:06:14.0000000,2026-03-28 20:00:22.0000000
SRC_PRODUCT_B001_000000326,P000326,RV-000326,Premium Shirt 0326,Kestrel,43.61,GBP,Y,2023-01-10 13:28:37.0000000,2023-01-27 13:28:37.0000000
SRC_PRODUCT_B001_000000327,P000327,RV-000327,Smart Shirt 0327,Velora,334.51,GBP,Y,2024-01-02 01:49:13.0000000,2026-08-13 04:00:17.0000000
SRC_PRODUCT_B001_000000328,P000328,RV-000328,Classic Jacket 0328,Orbis,532.26,GBP,Y,2024-01-01 16:37:03.0000000,2025-08-23 03:56:20.0000000
SRC_PRODUCT_B001_000000329,P000329,RV-000329,Ultra Backpack 0329,Northstar,681.40,GBP,Y,2024-01-02 21:45:06.0000000,2024-02-03 13:38:47.0000000
SRC_PRODUCT_B001_000000330,P000330,RV-000330,Ultra Speaker 0330,Lumina,971.52,GBP,Y,2024-01-01 09:16:50.0000000,2025-08-09 02:49:55.0000000
SRC_PRODUCT_B001_000000331,P000331,RV-000331,Smart Kettle 0331,Meridian,256.78,GBP,Y,2024-01-01 12:20:32.0000000,2026-09-01 19:39:39.0000000
SRC_PRODUCT_B001_000000332,P000332,RV-000332,Smart Trainer 0332,Northstar,262.85,GBP,Y,2023-09-19 14:02:07.0000000,2023-11-18 14:02:07.0000000
SRC_PRODUCT_B001_000000333,P000333,RV-000333,Smart Blanket 0333,Lumina,922.63,GBP,Y,2023-11-23 20:51:10.0000000,2024-01-18 20:51:10.0000000
SRC_PRODUCT_B001_000000334,P000334,RV-000334,Smart Speaker 0334,Orbis,186.53,GBP,Y,2024-01-03 01:57:03.0000000,2024-11-14 22:03:55.0000000
SRC_PRODUCT_B001_000000335,P000335,RV-000335,Smart Kettle 0335,Cinder,682.90,GBP,N,2024-01-01 14:38:19.0000000,2024-12-04 04:42:31.0000000
SRC_PRODUCT_B001_000000336,P000336,RV-000336,Classic Mixer 0336,Axiom,178.28,GBP,Y,2023-07-05 09:30:38.0000000,2023-09-29 09:30:38.0000000
SRC_PRODUCT_B001_000000337,P000337,RV-000337,Premium Watch 0337,Orbis,741.19,GBP,Y,2024-01-01 03:09:57.0000000,2024-08-03 18:38:24.0000000
SRC_PRODUCT_B001_000000338,P000338,RV-000338,Essential Kettle 0338,Meridian,846.13,GBP,Y,2024-01-01 01:39:40.0000000,2024-07-24 16:43:49.0000000
SRC_PRODUCT_B001_000000339,P000339,RV-000339,Compact Backpack 0339,Northstar,455.49,GBP,Y,2023-11-16 04:35:40.0000000,2023-12-07 04:35:40.0000000
SRC_PRODUCT_B001_000000340,P000340,RV-000340,Classic Keyboard 0340,Velora,920.65,GBP,Y,2024-01-01 14:24:23.0000000,2026-05-18 09:02:56.0000000
SRC_PRODUCT_B001_000000341,P000341,RV-000341,Smart Serum 0341,Velora,756.13,GBP,Y,2023-11-23 11:07:19.0000000,2024-01-30 11:07:19.0000000
SRC_PRODUCT_B001_000000342,P000342,RV-000342,Everyday Lamp 0342,Meridian,396.23,GBP,Y,2023-03-28 21:23:15.0000000,2023-05-21 21:23:15.0000000
SRC_PRODUCT_B001_000000343,P000343,RV-000343,Modern Keyboard 0343,Meridian,980.64,GBP,Y,2024-01-01 12:21:33.0000000,2025-09-01 08:08:10.0000000
SRC_PRODUCT_B001_000000344,P000344,RV-000344,Eco Bottle 0344,Lumina,330.14,GBP,Y,2024-01-02 06:17:28.0000000,2025-07-20 04:26:28.0000000
SRC_PRODUCT_B001_000000345,P000345,RV-000345,Classic Watch 0345,Meridian,960.60,GBP,Y,2024-01-01 04:30:22.0000000,2024-04-07 08:01:04.0000000
SRC_PRODUCT_B001_000000346,P000346,RV-000346,Premium Headphones 0346,Northstar,885.12,GBP,Y,2024-01-01 20:31:49.0000000,2026-03-11 17:37:30.0000000
SRC_PRODUCT_B001_000000347,P000347,RV-000347,Modern Kettle 0347,Meridian,378.30,GBP,Y,2023-05-18 22:25:23.0000000,2023-08-12 22:25:23.0000000
SRC_PRODUCT_B001_000000348,P000348,RV-000348,Essential Headphones 0348,Meridian,17.69,GBP,Y,2024-01-01 18:26:50.0000000,2025-08-01 00:15:44.0000000
SRC_PRODUCT_B001_000000349,P000349,RV-000349,Smart Camera 0349,Orbis,330.50,GBP,Y,2024-01-01 01:27:04.0000000,2024-05-07 14:50:19.0000000
SRC_PRODUCT_B001_000000350,P000350,RV-000350,Premium Shirt 0350,Velora,647.09,GBP,Y,2023-05-16 23:03:51.0000000,2023-07-20 23:03:51.0000000
SRC_PRODUCT_B001_000000351,P000351,RV-000351,Premium Lamp 0351,Northstar,679.22,GBP,Y,2024-01-01 03:46:20.0000000,2026-08-03 07:06:54.0000000
SRC_PRODUCT_B001_000000352,P000352,RV-000352,Compact Lamp 0352,Northstar,467.04,GBP,Y,2023-01-15 04:01:02.0000000,2023-03-24 04:01:02.0000000
SRC_PRODUCT_B001_000000353,P000353,RV-000353,Essential Keyboard 0353,Northstar,765.22,GBP,Y,2024-01-01 03:22:35.0000000,2024-01-13 03:13:12.0000000
SRC_PRODUCT_B001_000000354,P000354,RV-000354,Smart Serum 0354,Orbis,888.25,GBP,Y,2023-10-17 12:16:38.0000000,2023-12-23 12:16:38.0000000
SRC_PRODUCT_B001_000000355,P000355,RV-000355,Compact Camera 0355,Orbis,4.16,GBP,Y,2024-01-01 13:54:44.0000000,2025-04-25 15:37:54.0000000
SRC_PRODUCT_B001_000000356,P000356,RV-000356,Essential Jacket 0356,Velora,153.71,GBP,Y,2024-01-01 17:08:16.0000000,2025-08-26 04:31:24.0000000
SRC_PRODUCT_B001_000000357,P000357,RV-000357,Compact Blanket 0357,Orbis,113.10,GBP,Y,2024-01-01 10:06:05.0000000,2024-10-16 22:47:42.0000000
SRC_PRODUCT_B001_000000358,P000358,RV-000358,Smart Shirt 0358,Velora,18.35,GBP,Y,2024-01-04 05:58:09.0000000,2024-10-11 15:58:47.0000000
SRC_PRODUCT_B001_000000359,P000359,RV-000359,Smart Speaker 0359,Lumina,179.43,GBP,True,2024-01-01 10:03:54.0000000,2024-09-07 10:45:49.0000000
SRC_PRODUCT_B001_000000360,P000360,RV-000360,Pro Bottle 0360,Orbis,653.43,GBP,N,2024-01-01 07:14:53.0000000,2024-10-24 07:54:15.0000000
SRC_PRODUCT_B001_000000361,P000361,RV-000361,Smart Kettle 0361,Kestrel,484.97,GBP,Y,2024-01-01 00:14:58.0000000,2025-08-29 01:53:10.0000000
SRC_PRODUCT_B001_000000362,P000362,RV-000362,Classic Speaker 0362,Northstar,163.77,GBP,Y,2023-02-28 17:49:35.0000000,2023-04-18 17:49:35.0000000
SRC_PRODUCT_B001_000000363,P000363,RV-000363,Eco Bottle 0363,Northstar,895.85,GBP,Y,2023-06-18 05:33:29.0000000,2023-08-07 05:33:29.0000000
SRC_PRODUCT_B001_000000364,P000364,RV-000364,Premium Backpack 0364,Velora,355.55,GBP,Y,2023-12-14 21:42:00.0000000,2023-12-17 21:42:00.0000000
SRC_PRODUCT_B001_000000365,P000365,RV-000365,Compact Jacket 0365,Axiom,660.57,GBP,Y,2024-01-03 01:38:51.0000000,2025-12-16 22:37:18.0000000
SRC_PRODUCT_B001_000000366,P000366,RV-000366,Classic Keyboard 0366,Northstar,820.44,GBP,Y,2024-01-01 01:38:23.0000000,2024-05-12 06:26:13.0000000
SRC_PRODUCT_B001_000000367,P000367,RV-000367,Everyday Trainer 0367,Lumina,258.90,GBP,Y,2023-01-25 08:10:30.0000000,2023-04-09 08:10:30.0000000
SRC_PRODUCT_B001_000000368,P000368,RV-000368,Smart Mixer 0368,Meridian,521.61,GBP,True,2023-11-06 09:27:18.0000000,2023-12-15 09:27:18.0000000
SRC_PRODUCT_B001_000000369,P000369,RV-000369,Classic Camera 0369,Lumina,498.02,GBP,Y,2024-01-01 14:02:35.0000000,2025-04-14 22:36:45.0000000
SRC_PRODUCT_B001_000000370,P000370,RV-000370,Premium Trainer 0370,Meridian,451.19,GBP,Y,2024-01-01 00:58:02.0000000,2025-08-13 07:03:37.0000000
SRC_PRODUCT_B001_000000371,P000371,RV-000371,Modern Keyboard 0371,Velora,522.32,GBP,Y,2024-01-01 05:56:52.0000000,2024-02-22 08:51:52.0000000
SRC_PRODUCT_B001_000000372,P000372,RV-000372,Premium Keyboard 0372,Northstar,877.54,GBP,Y,2024-01-01 11:16:09.0000000,2026-05-17 10:14:50.0000000
SRC_PRODUCT_B001_000000373,P000373,RV-000373,Eco Watch 0373,Axiom,727.36,GBP,Y,2024-01-01 02:23:02.0000000,2025-04-17 21:05:37.0000000
SRC_PRODUCT_B001_000000374,P000374,RV-000374,Essential Shirt 0374,Northstar,919.88,GBP,Y,2023-12-06 18:23:43.0000000,2023-12-09 18:23:43.0000000
SRC_PRODUCT_B001_000000375,P000375,RV-000375,Pro Kettle 0375,Velora,452.88,GBP,Y,2024-01-01 03:03:19.0000000,2025-05-28 11:50:50.0000000
SRC_PRODUCT_B001_000000376,P000376,RV-000376,Premium Speaker 0376,Velora,781.32,GBP,N,2024-01-01 20:26:19.0000000,2024-06-05 15:00:27.0000000
SRC_PRODUCT_B001_000000377,P000377,RV-000377,Classic Speaker 0377,Axiom,670.22,GBP,Y,2023-04-14 03:46:54.0000000,2023-05-14 03:46:54.0000000
SRC_PRODUCT_B001_000000378,P000378,RV-000378,Pro Watch 0378,Kestrel,808.21,GBP,Y,2023-10-20 06:36:02.0000000,2023-12-22 06:36:02.0000000
SRC_PRODUCT_B001_000000379,P000379,RV-000379,Smart Shirt 0379,Northstar,851.38,GBP,Y,2024-01-01 00:15:16.0000000,2025-02-24 09:05:29.0000000
SRC_PRODUCT_B001_000000380,P000380,RV-000380,Everyday Shirt 0380,Axiom,815.42,GBP,Y,2024-01-01 09:58:54.0000000,2024-10-17 09:29:23.0000000
SRC_PRODUCT_B001_000000381,P000381,RV-000381,Eco Jacket 0381,Axiom,463.62,GBP,N,2024-01-01 01:23:37.0000000,2024-02-25 01:06:38.0000000
SRC_PRODUCT_B001_000000382,P000382,RV-000382,Everyday Camera 0382,Cinder,912.69,GBP,Y,2024-01-01 00:52:02.0000000,2024-09-13 14:44:44.0000000
SRC_PRODUCT_B001_000000383,P000383,RV-000383,Modern Kettle 0383,Orbis,167.46,GBP,Y,2024-01-01 01:14:19.0000000,2026-05-19 00:40:23.0000000
SRC_PRODUCT_B001_000000384,P000384,RV-000384,Ultra Mixer 0384,Cinder,293.81,GBP,Y,2024-01-01 13:01:58.0000000,2025-10-05 06:48:20.0000000
SRC_PRODUCT_B001_000000385,P000385,RV-000385,Classic Lamp 0385,Northstar,76.53,GBP,Y,2023-12-17 11:53:14.0000000,2024-02-26 11:53:14.0000000
SRC_PRODUCT_B001_000000386,P000386,RV-000386,Ultra Backpack 0386,Kestrel,366.46,GBP,Y,2024-01-01 07:38:11.0000000,2025-08-16 02:54:54.0000000
SRC_PRODUCT_B001_000000387,P000387,RV-000387,Compact Bottle 0387,Northstar,954.34,GBP,Y,2024-01-01 04:08:24.0000000,2024-02-12 14:09:12.0000000
SRC_PRODUCT_B001_000000388,P000388,RV-000388,Ultra Mixer 0388,Orbis,732.34,GBP,Y,2024-01-01 00:14:35.0000000,2024-07-13 08:15:34.0000000
SRC_PRODUCT_B001_000000389,P000389,RV-000389,Essential Camera 0389,Meridian,103.43,GBP,Y,2024-01-01 03:28:13.0000000,2026-09-14 02:04:06.0000000
SRC_PRODUCT_B001_000000390,P000390,RV-000390,Compact Watch 0390,Meridian,737.16,GBP,Y,2023-03-13 03:02:43.0000000,2023-04-02 03:02:43.0000000
SRC_PRODUCT_B001_000000391,P000391,RV-000391,Smart Kettle 0391,Northstar,482.43,GBP,Y,2024-01-02 05:43:35.0000000,2024-11-30 17:37:28.0000000
SRC_PRODUCT_B001_000000392,P000392,RV-000392,Modern Serum 0392,Cinder,68.10,GBP,Y,2024-01-01 11:24:28.0000000,2026-03-30 00:15:35.0000000
SRC_PRODUCT_B001_000000393,P000393,RV-000393,Modern Serum 0393,Cinder,4.80,GBP,Y,2024-01-01 15:55:08.0000000,2024-07-27 16:40:45.0000000
SRC_PRODUCT_B001_000000394,P000394,RV-000394,Premium Watch 0394,Cinder,219.92,GBP,Y,2024-01-01 20:23:57.0000000,2026-07-14 11:39:06.0000000
SRC_PRODUCT_B001_000000395,P000395,RV-000395,Pro Backpack 0395,Cinder,127.61,GBP,Y,2024-01-02 00:26:51.0000000,2024-11-07 20:32:03.0000000
SRC_PRODUCT_B001_000000396,P000396,RV-000396,Classic Watch 0396,Velora,334.12,GBP,Y,2023-12-30 16:24:02.0000000,2024-01-07 16:24:02.0000000
SRC_PRODUCT_B001_000000397,P000397,RV-000397,Compact Mixer 0397,Velora,370.03,GBP,Y,2024-01-02 12:50:07.0000000,2025-03-11 06:39:13.0000000
SRC_PRODUCT_B001_000000398,P000398,RV-000398,Essential Camera 0398,Northstar,958.19,GBP,Y,2024-01-04 02:18:09.0000000,2025-03-10 21:53:30.0000000
SRC_PRODUCT_B001_000000399,P000399,RV-000399,Premium Watch 0399,Velora,205.83,GBP,Y,2024-01-01 16:11:44.0000000,2026-07-16 10:18:26.0000000
SRC_PRODUCT_B001_000000400,P000400,RV-000400,Classic Watch 0400,Northstar,228.65,GBP,Y,2024-01-01 00:58:56.0000000,2024-03-04 21:25:28.0000000
SRC_PRODUCT_B001_000000401,P000401,RV-000401,Smart Jacket 0401,Axiom,258.70,GBP,Y,2023-04-25 22:40:39.0000000,2023-06-29 22:40:39.0000000
SRC_PRODUCT_B001_000000402,P000402,RV-000402,Smart Camera 0402,Kestrel,876.58,GBP,Y,2024-01-04 00:29:55.0000000,2024-11-10 16:33:05.0000000
SRC_PRODUCT_B001_000000403,P000403,RV-000403,Eco Lamp 0403,Northstar,763.31,GBP,Y,2024-01-01 22:52:37.0000000,2025-11-12 06:53:48.0000000
SRC_PRODUCT_B001_000000404,P000404,RV-000404,Pro Watch 0404,Kestrel,371.76,GBP,Y,2024-01-01 14:32:53.0000000,2026-03-26 21:10:12.0000000
SRC_PRODUCT_B001_000000405,P000405,RV-000405,Eco Keyboard 0405,Orbis,713.59,GBP,Y,2024-01-01 09:06:34.0000000,2024-03-05 17:10:26.0000000
SRC_PRODUCT_B001_000000406,P000406,RV-000406,Eco Watch 0406,Orbis,952.77,GBP,Y,2024-01-01 00:36:40.0000000,2024-06-14 22:51:43.0000000
SRC_PRODUCT_B001_000000407,P000407,RV-000407,Compact Backpack 0407,Orbis,811.75,GBP,Y,2024-01-01 03:58:46.0000000,2025-11-06 02:17:09.0000000
SRC_PRODUCT_B001_000000408,P000408,RV-000408,Compact Jacket 0408,Lumina,51.42,GBP,Y,2024-01-01 04:58:51.0000000,2024-11-27 00:31:11.0000000
SRC_PRODUCT_B001_000000409,P000409,RV-000409,Pro Backpack 0409,Axiom,90.56,GBP,Y,2024-01-01 02:19:58.0000000,2025-02-08 00:59:08.0000000
SRC_PRODUCT_B001_000000410,P000410,RV-000410,Essential Serum 0410,Orbis,587.90,GBP,Y,2024-01-01 01:40:23.0000000,2025-08-24 16:58:35.0000000
SRC_PRODUCT_B001_000000411,P000411,RV-000411,Smart Camera 0411,Velora,571.96,GBP,Y,2024-01-01 00:26:57.0000000,2024-04-02 08:38:36.0000000
SRC_PRODUCT_B001_000000412,P000412,RV-000412,Modern Trainer 0412,Orbis,622.78,GBP,Y,2024-01-01 17:21:12.0000000,2026-04-12 06:31:41.0000000
SRC_PRODUCT_B001_000000413,P000413,RV-000413,Pro Speaker 0413,Axiom,73.43,GBP,N,2023-06-21 18:00:54.0000000,2023-07-08 18:00:54.0000000
SRC_PRODUCT_B001_000000414,P000414,RV-000414,Essential Shirt 0414,Axiom,143.28,GBP,Y,2024-01-01 05:50:24.0000000,2024-02-27 23:13:09.0000000
SRC_PRODUCT_B001_000000415,P000415,RV-000415,Compact Blanket 0415,Cinder,931.99,GBP,Y,2024-01-01 00:29:18.0000000,2026-05-27 18:19:31.0000000
SRC_PRODUCT_B001_000000416,P000416,RV-000416,Essential Bottle 0416,Northstar,852.86,GBP,Y,2023-07-01 00:07:49.0000000,2023-07-22 00:07:49.0000000
SRC_PRODUCT_B001_000000417,P000417,RV-000417,Everyday Keyboard 0417,Lumina,891.60,GBP,Y,2024-01-01 10:39:58.0000000,2026-10-12 12:40:46.0000000
SRC_PRODUCT_B001_000000418,P000418,RV-000418,Modern Lamp 0418,Lumina,888.05,GBP,Y,2024-01-01 05:38:08.0000000,2024-04-29 00:40:40.0000000
SRC_PRODUCT_B001_000000419,P000419,RV-000419,Smart Shirt 0419,Kestrel,714.77,GBP,Y,2023-10-04 14:53:33.0000000,2023-12-13 14:53:33.0000000
SRC_PRODUCT_B001_000000420,P000420,RV-000420,Essential Speaker 0420,Northstar,986.94,GBP,Y,2024-01-01 01:45:10.0000000,2026-04-13 14:56:52.0000000
SRC_PRODUCT_B001_000000421,P000421,RV-000421,Eco Camera 0421,Velora,312.16,GBP,Y,2024-01-02 05:59:36.0000000,2025-09-22 17:14:05.0000000
SRC_PRODUCT_B001_000000422,P000422,RV-000422,Ultra Kettle 0422,Velora,94.28,GBP,Y,2024-01-02 22:30:32.0000000,2024-10-10 03:26:09.0000000
SRC_PRODUCT_B001_000000423,P000423,RV-000423,Classic Headphones 0423,Kestrel,631.43,GBP,Y,2024-01-03 06:03:44.0000000,2025-07-17 15:13:15.0000000
SRC_PRODUCT_B001_000000424,P000424,RV-000424,Smart Speaker 0424,Velora,734.86,GBP,Y,2024-01-02 00:47:58.0000000,2025-01-12 09:02:30.0000000
SRC_PRODUCT_B001_000000425,P000425,RV-000425,Premium Bottle 0425,Meridian,164.69,GBP,Y,2024-01-04 01:03:27.0000000,2025-06-23 14:21:52.0000000
SRC_PRODUCT_B001_000000426,P000426,RV-000426,Eco Watch 0426,Velora,124.34,GBP,True,2024-01-02 16:19:23.0000000,2026-04-04 11:51:35.0000000
SRC_PRODUCT_B001_000000427,P000427,RV-000427,Premium Serum 0427,Cinder,587.65,GBP,Y,2023-07-02 07:12:49.0000000,2023-08-22 07:12:49.0000000
SRC_PRODUCT_B001_000000428,P000428,RV-000428,Premium Keyboard 0428,Kestrel,781.32,GBP,Y,2024-01-02 23:07:04.0000000,2025-06-13 20:48:11.0000000
SRC_PRODUCT_B001_000000429,P000429,RV-000429,Pro Mixer 0429,Northstar,952.54,GBP,Y,2024-01-01 03:14:54.0000000,2024-12-05 23:16:55.0000000
SRC_PRODUCT_B001_000000430,P000430,RV-000430,Compact Mixer 0430,Axiom,28.59,GBP,Y,2024-01-01 00:21:30.0000000,2025-09-25 12:06:15.0000000
SRC_PRODUCT_B001_000000431,P000431,RV-000431,Classic Jacket 0431,Cinder,50.67,GBP,Y,2023-10-25 16:04:55.0000000,2023-11-15 16:04:55.0000000
SRC_PRODUCT_B001_000000432,P000432,RV-000432,Essential Headphones 0432,Lumina,899.68,GBP,Y,2023-08-09 11:20:30.0000000,2023-11-03 11:20:30.0000000
SRC_PRODUCT_B001_000000433,P000433,RV-000433,Smart Trainer 0433,Axiom,753.02,GBP,Y,2024-01-02 03:40:21.0000000,2026-08-11 04:56:47.0000000
SRC_PRODUCT_B001_000000434,P000434,RV-000434,Modern Mixer 0434,Cinder,649.52,GBP,Y,2024-01-01 18:15:16.0000000,2025-09-10 18:32:43.0000000
SRC_PRODUCT_B001_000000435,P000435,RV-000435,Ultra Headphones 0435,Axiom,845.91,GBP,Y,2024-01-01 20:03:43.0000000,2025-01-31 20:53:08.0000000
SRC_PRODUCT_B001_000000436,P000436,RV-000436,Everyday Serum 0436,Cinder,44.40,GBP,Y,2023-03-06 00:15:46.0000000,2023-04-01 00:15:46.0000000
SRC_PRODUCT_B001_000000437,P000437,RV-000437,Everyday Headphones 0437,Velora,599.24,GBP,Y,2024-01-01 19:49:09.0000000,2024-11-06 21:58:19.0000000
SRC_PRODUCT_B001_000000438,P000438,RV-000438,Modern Blanket 0438,Northstar,824.17,GBP,Y,2023-12-05 12:43:19.0000000,2024-02-12 12:43:19.0000000
SRC_PRODUCT_B001_000000439,P000439,RV-000439,Classic Speaker 0439,Meridian,461.61,GBP,Y,2024-01-01 06:05:56.0000000,2025-02-22 12:02:12.0000000
SRC_PRODUCT_B001_000000440,P000440,RV-000440,Pro Backpack 0440,Orbis,46.52,GBP,Y,2023-03-16 18:35:54.0000000,2023-03-24 18:35:54.0000000
SRC_PRODUCT_B001_000000441,P000441,RV-000441,Essential Shirt 0441,Velora,889.59,GBP,Y,2024-01-01 09:00:20.0000000,2024-07-05 13:55:55.0000000
SRC_PRODUCT_B001_000000442,P000442,RV-000442,Premium Lamp 0442,Orbis,548.39,GBP,Y,2024-01-01 00:22:32.0000000,2026-07-22 07:14:17.0000000
SRC_PRODUCT_B001_000000443,P000443,RV-000443,Essential Serum 0443,Northstar,253.71,GBP,Y,2024-01-01 00:57:45.0000000,2025-06-09 21:23:48.0000000
SRC_PRODUCT_B001_000000444,P000444,RV-000444,Pro Lamp 0444,Orbis,354.91,GBP,Y,2024-01-03 23:58:23.0000000,2025-05-01 10:21:09.0000000
SRC_PRODUCT_B001_000000445,P000445,RV-000445,Premium Headphones 0445,Axiom,297.82,GBP,Y,2023-02-28 23:51:00.0000000,2023-03-22 23:51:00.0000000
SRC_PRODUCT_B001_000000446,P000446,RV-000446,Essential Trainer 0446,Axiom,69.54,GBP,Y,2023-08-11 06:50:07.0000000,2023-08-29 06:50:07.0000000
SRC_PRODUCT_B001_000000447,P000447,RV-000447,Essential Lamp 0447,Velora,913.83,GBP,Y,2024-01-01 04:06:46.0000000,2024-01-30 08:17:55.0000000
SRC_PRODUCT_B001_000000448,P000448,RV-000448,Modern Lamp 0448,Northstar,91.70,GBP,N,2024-01-01 01:27:05.0000000,2025-02-27 22:44:45.0000000
SRC_PRODUCT_B001_000000449,P000449,RV-000449,Ultra Kettle 0449,Orbis,134.90,GBP,Y,2024-01-01 17:13:24.0000000,2025-08-17 14:37:00.0000000
SRC_PRODUCT_B001_000000450,P000450,RV-000450,Essential Jacket 0450,Meridian,952.95,GBP,Y,2024-01-01 20:11:35.0000000,2025-06-19 13:35:55.0000000
SRC_PRODUCT_B001_000000451,P000451,RV-000451,Classic Headphones 0451,Kestrel,918.44,GBP,Y,2024-01-01 07:29:51.0000000,2025-06-02 20:26:40.0000000
SRC_PRODUCT_B001_000000452,P000452,RV-000452,Everyday Keyboard 0452,Northstar,526.63,GBP,Y,2023-09-21 04:49:18.0000000,2023-10-20 04:49:18.0000000
SRC_PRODUCT_B001_000000453,P000453,RV-000453,Essential Backpack 0453,Lumina,246.44,GBP,Y,2023-04-29 21:33:39.0000000,2023-06-02 21:33:39.0000000
SRC_PRODUCT_B001_000000454,P000454,RV-000454,Compact Trainer 0454,Axiom,225.98,GBP,Y,2024-01-01 02:57:55.0000000,2025-07-10 16:36:32.0000000
SRC_PRODUCT_B001_000000455,P000455,RV-000455,Compact Jacket 0455,Lumina,245.94,GBP,Y,2024-01-01 04:27:39.0000000,2026-04-15 07:53:34.0000000
SRC_PRODUCT_B001_000000456,P000456,RV-000456,Eco Keyboard 0456,Axiom,530.09,GBP,Y,2024-01-01 06:14:40.0000000,2025-07-21 17:02:04.0000000
SRC_PRODUCT_B001_000000457,P000457,RV-000457,Premium Shirt 0457,Kestrel,676.70,GBP,Y,2024-01-01 05:05:00.0000000,2026-02-21 01:00:07.0000000
SRC_PRODUCT_B001_000000458,P000458,RV-000458,Pro Keyboard 0458,Lumina,761.83,GBP,Y,2024-01-01 11:58:22.0000000,2024-07-12 02:14:53.0000000
SRC_PRODUCT_B001_000000459,P000459,RV-000459,Classic Blanket 0459,Meridian,658.32,GBP,Y,2024-01-01 07:45:30.0000000,2026-04-15 22:40:34.0000000
SRC_PRODUCT_B001_000000460,P000460,RV-000460,Compact Bottle 0460,Meridian,329.81,GBP,Y,2024-01-01 01:04:38.0000000,2025-08-14 17:15:42.0000000
SRC_PRODUCT_B001_000000461,P000461,RV-000461,Everyday Bottle 0461,Cinder,591.24,GBP,Y,2023-04-19 07:05:54.0000000,2023-07-15 07:05:54.0000000
SRC_PRODUCT_B001_000000462,P000462,RV-000462,Everyday Mixer 0462,Northstar,938.44,GBP,Y,2024-01-01 05:17:20.0000000,2025-08-04 12:42:14.0000000
SRC_PRODUCT_B001_000000463,P000463,RV-000463,Modern Mixer 0463,Orbis,604.47,GBP,Y,2024-01-01 14:53:18.0000000,2025-04-21 23:34:42.0000000
SRC_PRODUCT_B001_000000464,P000464,RV-000464,Everyday Backpack 0464,Axiom,166.26,GBP,Y,2024-01-02 09:41:31.0000000,2026-03-21 20:19:33.0000000
SRC_PRODUCT_B001_000000465,P000465,RV-000465,Smart Backpack 0465,Cinder,584.44,GBP,Y,2024-01-01 08:21:38.0000000,2024-05-04 07:32:21.0000000
SRC_PRODUCT_B001_000000466,P000466,RV-000466,Compact Serum 0466,Orbis,313.47,GBP,Y,2023-09-03 19:23:18.0000000,2023-11-27 19:23:18.0000000
SRC_PRODUCT_B001_000000467,P000467,RV-000467,Eco Mixer 0467,Cinder,954.97,GBP,Y,2024-01-01 00:55:07.0000000,2025-10-23 08:39:40.0000000
SRC_PRODUCT_B001_000000468,P000468,RV-000468,Compact Jacket 0468,Meridian,731.37,GBP,Y,2024-01-01 19:04:13.0000000,2026-05-10 07:47:03.0000000
SRC_PRODUCT_B001_000000469,P000469,RV-000469,Ultra Mixer 0469,Kestrel,406.72,GBP,Y,2024-01-03 07:30:01.0000000,2024-10-19 17:39:32.0000000
SRC_PRODUCT_B001_000000470,P000470,RV-000470,Smart Headphones 0470,Kestrel,871.28,GBP,Y,2024-01-01 02:20:43.0000000,2025-07-20 16:38:12.0000000
SRC_PRODUCT_B001_000000471,P000471,RV-000471,Classic Keyboard 0471,Orbis,708.48,GBP,Y,2024-01-01 22:36:35.0000000,2026-05-18 20:19:17.0000000
SRC_PRODUCT_B001_000000472,P000472,RV-000472,Premium Bottle 0472,Kestrel,741.80,GBP,Y,2024-01-03 15:01:20.0000000,2025-04-26 02:10:50.0000000
SRC_PRODUCT_B001_000000473,P000473,RV-000473,Premium Speaker 0473,Orbis,334.95,GBP,Y,2024-01-01 05:06:05.0000000,2025-01-11 03:40:36.0000000
SRC_PRODUCT_B001_000000474,P000474,RV-000474,Compact Speaker 0474,Velora,518.37,GBP,N,2024-01-01 23:35:09.0000000,2025-04-28 14:07:52.0000000
SRC_PRODUCT_B001_000000475,P000475,RV-000475,Classic Kettle 0475,Velora,813.23,GBP,Y,2024-01-01 09:09:31.0000000,2024-12-02 01:07:27.0000000
SRC_PRODUCT_B001_000000476,P000476,RV-000476,Premium Serum 0476,Kestrel,391.21,GBP,Y,2023-02-06 15:44:12.0000000,2023-03-20 15:44:12.0000000
SRC_PRODUCT_B001_000000477,P000477,RV-000477,Smart Blanket 0477,Axiom,974.92,GBP,Y,2024-01-01 09:24:09.0000000,2024-09-20 11:58:07.0000000
SRC_PRODUCT_B001_000000478,P000478,RV-000478,Essential Blanket 0478,Meridian,337.31,GBP,Y,2024-01-01 00:10:38.0000000,2025-03-25 01:32:32.0000000
SRC_PRODUCT_B001_000000479,P000479,RV-000479,Compact Blanket 0479,Meridian,569.22,GBP,Y,2024-01-01 00:14:47.0000000,2025-06-07 11:07:46.0000000
SRC_PRODUCT_B001_000000480,P000480,RV-000480,Essential Serum 0480,Lumina,448.60,GBP,Y,2024-01-02 05:26:38.0000000,2026-05-02 12:55:50.0000000
SRC_PRODUCT_B001_000000481,P000481,RV-000481,Compact Shirt 0481,Orbis,182.36,GBP,Y,2023-07-03 11:58:29.0000000,2023-07-18 11:58:29.0000000
SRC_PRODUCT_B001_000000482,P000482,RV-000482,Modern Trainer 0482,Orbis,207.34,GBP,Y,2024-01-01 18:20:01.0000000,2025-07-23 18:19:44.0000000
SRC_PRODUCT_B001_000000483,P000483,RV-000483,Smart Keyboard 0483,Meridian,666.72,GBP,Y,2023-10-12 18:30:21.0000000,2023-12-12 18:30:21.0000000
SRC_PRODUCT_B001_000000484,P000484,RV-000484,Everyday Lamp 0484,Orbis,308.33,GBP,Y,2023-11-02 00:25:04.0000000,2024-01-07 00:25:04.0000000
SRC_PRODUCT_B001_000000485,P000485,RV-000485,Pro Trainer 0485,Kestrel,173.92,GBP,Y,2024-01-01 08:15:46.0000000,2026-02-10 02:04:09.0000000
SRC_PRODUCT_B001_000000486,P000486,RV-000486,Eco Lamp 0486,Velora,221.88,GBP,Y,2024-01-02 04:09:22.0000000,2025-08-18 18:02:15.0000000
SRC_PRODUCT_B001_000000487,P000487,RV-000487,Compact Kettle 0487,Axiom,17.27,GBP,Y,2023-04-18 10:37:05.0000000,2023-05-02 10:37:05.0000000
SRC_PRODUCT_B001_000000488,P000488,RV-000488,Modern Camera 0488,Axiom,437.63,GBP,Y,2024-01-01 01:50:03.0000000,2025-03-06 12:33:48.0000000
SRC_PRODUCT_B001_000000489,P000489,RV-000489,Ultra Camera 0489,Orbis,326.10,GBP,Y,2024-01-02 05:50:12.0000000,2026-03-19 14:14:46.0000000
SRC_PRODUCT_B001_000000490,P000490,RV-000490,Everyday Lamp 0490,Meridian,592.29,GBP,Y,2023-09-17 02:40:18.0000000,2023-09-29 02:40:18.0000000
SRC_PRODUCT_B001_000000491,P000491,RV-000491,Modern Trainer 0491,Orbis,911.50,GBP,Y,2023-03-24 07:01:42.0000000,2023-05-27 07:01:42.0000000
SRC_PRODUCT_B001_000000492,P000492,RV-000492,Everyday Speaker 0492,Axiom,576.41,GBP,Y,2024-01-01 03:23:37.0000000,2024-09-23 07:50:06.0000000
SRC_PRODUCT_B001_000000493,P000493,RV-000493,Pro Watch 0493,Meridian,552.92,GBP,Y,2024-01-05 06:40:00.0000000,2026-05-16 16:46:43.0000000
SRC_PRODUCT_B001_000000494,P000494,RV-000494,Pro Keyboard 0494,Orbis,809.01,GBP,Y,2024-01-01 01:20:40.0000000,2025-02-20 04:13:18.0000000
SRC_PRODUCT_B001_000000495,P000495,RV-000495,Essential Backpack 0495,Orbis,786.14,GBP,Y,2024-01-01 00:55:00.0000000,2024-03-16 16:23:36.0000000
SRC_PRODUCT_B001_000000496,P000496,RV-000496,Eco Jacket 0496,Axiom,846.80,GBP,Y,2023-12-12 16:50:39.0000000,2024-02-07 16:50:39.0000000
SRC_PRODUCT_B001_000000497,P000497,RV-000497,Pro Trainer 0497,Meridian,285.41,GBP,Y,2024-01-01 01:00:21.0000000,2024-07-28 02:13:34.0000000
SRC_PRODUCT_B001_000000498,P000498,RV-000498,Smart Blanket 0498,Northstar,678.28,GBP,Y,2023-05-25 04:24:23.0000000,2023-08-18 04:24:23.0000000
SRC_PRODUCT_B001_000000499,P000499,RV-000499,Classic Bottle 0499,Meridian,615.82,GBP,Y,2023-12-17 03:11:58.0000000,2023-12-20 03:11:58.0000000
SRC_PRODUCT_B001_000000500,P000500,RV-000500,Smart Headphones 0500,Axiom,48.55,GBP,Y,2023-11-08 05:50:37.0000000,2023-11-28 05:50:37.0000000
DEF_PRODUCT_PRICE_B001_001,P_BAD_B001_001,BAD-SKU-B001-001,Pro Shirt 0001,Lumina,-19.99,GBP,Y,2025-06-10 16:56:12.0000000,2025-07-16 16:56:12.0000000
DEF_PRODUCT_PRICE_B001_002,P_BAD_B001_002,BAD-SKU-B001-002,Pro Lamp 0002,Axiom,NOT_AVAILABLE,GBP,Y,2025-06-06 18:15:29.0000000,2025-06-16 18:15:29.0000000
